code,name,roe_pe,roe,pe_ttm
SZ002895,川恒股份,0.09,5.7811,65.8936
SZ300143,盈康生命,0.09,7.2201,80.6017
SZ300039,上海凯宝,0.09,4.123,47.4546
SZ300368,汇金股份,0.09,7.2158,77.2696
SZ300034,钢研高纳,0.09,9.4584,100.5553
SZ002497,雅化集团,0.09,8.135,90.9747
SZ300110,华仁药业,0.09,4.2676,45.1714
SZ002827,高争民爆,0.09,4.8223,51.9776
SZ002578,闽发铝业,0.09,4.4523,48.5441
SZ002787,华源控股,0.09,2.9923,35.197
SZ300235,方直科技,0.09,4.8891,57.3251
SH603022,新通联,0.09,5.4847,59.8897
SZ002830,名雕股份,0.09,3.4793,39.3262
SZ002899,英派斯,0.09,3.7162,40.4542
SH603105,芯能科技,0.09,5.4219,59.9302
SZ002941,新疆交建,0.09,4.6379,49.233
SZ300680,隆盛科技,0.09,7.8717,89.8991
SH600641,万业企业,0.09,4.8729,52.8691
SH688179,阿拉丁,0.09,12.8013,146.7266
SZ000636,风华高科,0.09,6.2062,72.0234
SH688111,金山办公,0.09,13.5899,155.85
SH603667,五洲新春,0.09,3.5204,38.5602
SZ000669,*ST金鸿,0.09,1.3425,15.2968
SH600552,凯盛科技,0.09,4.8073,55.1655
SZ000681,视觉中国,0.09,4.5371,51.1858
SZ000722,湖南发展,0.09,3.2574,34.5255
SZ002212,天融信,0.09,4.3299,48.9992
SZ002187,广百股份,0.09,2.4437,27.6283
SH600862,中航高科,0.09,10.0692,110.2703
SZ000759,中百集团,0.09,1.3128,15.3266
SZ300458,全志科技,0.09,9.0132,97.7943
SZ000761,本钢板材,0.09,1.8973,21.1037
SZ002955,鸿合科技,0.09,2.7504,30.5407
SZ002129,中环股份,0.09,6.5395,72.2889
SH603881,数据港,0.09,6.8351,77.5738
SZ000919,金陵药业,0.09,2.2714,26.6697
SH603986,兆易创新,0.09,11.0645,124.2968
SZ300665,飞鹿股份,0.09,4.9443,55.5828
SZ300661,圣邦股份,0.09,22.1286,241.1525
SH603909,合诚股份,0.09,5.7346,63.7783
SZ300648,星云股份,0.09,10.1831,111.3334
SZ002033,丽江股份,0.09,2.7565,30.135
SZ002339,积成电子,0.09,3.247,35.6609
SZ300514,友讯达,0.09,5.7629,66.0517
SH688363,华熙生物,0.09,13.497,149.7189
SZ002413,雷科防务,0.09,4.4948,50.8955
SH600290,ST华仪,0.09,2.9348,34.4552
SH600206,有研新材,0.09,5.395,61.3331
SZ002409,雅克科技,0.09,9.0506,102.0952
SZ300397,天和防务,0.09,8.6591,98.9044
SZ000593,大通燃气,0.09,3.5571,40.8909
SH688268,华特气体,0.09,8.6257,94.5576
SZ300406,九强生物,0.09,4.3447,49.634
SZ002425,凯撒文化,0.09,2.9852,32.0779
SH600315,上海家化,0.09,6.7298,72.0418
SZ000878,云南铜业,0.08,4.5815,55.6927
SZ300749,顶固集创,0.08,2.7242,32.6467
SZ002730,电光科技,0.08,5.7244,71.367
SH600354,敦煌种业,0.08,5.1768,63.5126
SZ300730,科创信息,0.08,7.309,94.4106
SH600288,大恒科技,0.08,3.434,43.5757
SZ000795,英洛华,0.08,4.4028,58.1142
SZ000819,岳阳兴长,0.08,3.2739,40.8228
SZ000032,深桑达A,0.08,9.7686,123.7843
SH603290,斯达半导,0.08,21.0263,260.9995
SH603038,华立股份,0.08,3.1407,39.8534
SZ000017,深中华A,0.08,42.0074,538.6168
SZ300645,正元智慧,0.08,4.2193,55.6555
SH600367,红星发展,0.08,4.0505,48.6527
SZ300183,东软载波,0.08,6.2397,74.6885
SZ000004,国华网安,0.08,4.5404,54.2722
SZ002708,光洋股份,0.08,3.4792,44.3051
SH601616,广电电气,0.08,2.8895,38.392
SH600117,西宁特钢,0.08,4.197,52.8083
SZ002738,中矿资源,0.08,5.9388,72.929
SH688556,高测股份,0.08,8.5433,102.5636
SH603299,苏盐井神,0.08,3.7056,48.6387
SH688215,瑞晟智能,0.08,5.7631,69.9682
SH600497,驰宏锌锗,0.08,3.1934,41.7534
SZ002890,弘宇股份,0.08,4.2885,52.6772
SH688138,清溢光电,0.08,6.6295,80.5732
SH600480,凌云股份,0.08,2.1639,28.2919
SH600525,长园集团,0.08,3.0351,38.381
SH603123,翠微股份,0.08,2.3866,28.113
SH688095,福昕软件,0.08,6.9276,91.0917
SH600182,SST佳通,0.08,6.0225,80.1597
SZ000680,山推股份,0.08,2.9137,36.6991
SZ300919,中伟股份,0.08,14.121,182.6926
SZ000610,西安旅游,0.08,4.3057,55.8511
SZ300101,振芯科技,0.08,8.299,110.0703
SZ002812,恩捷股份,0.08,14.2533,181.6823
SH688029,南微医学,0.08,10.2541,129.4613
SZ300803,指南针,0.08,8.0735,97.4955
SZ000534,万泽股份,0.08,7.8789,95.0541
SH600243,青海华鼎,0.08,2.5478,32.8331
SZ002756,永兴材料,0.08,6.9556,89.6651
SH600620,天宸股份,0.08,4.2993,54.1377
SZ300793,佳禾智能,0.08,5.6523,71.5357
SH688003,天准科技,0.08,6.7485,89.2638
SZ300219,鸿利智汇,0.08,4.9544,62.7624
SH601028,玉龙股份,0.08,5.5145,70.5216
SH601226,华电重工,0.08,2.6412,32.6495
SZ300516,久之洋,0.08,6.1676,79.7426
SH603822,嘉澳环保,0.08,4.6254,57.1303
SZ002162,悦心健康,0.08,5.6834,67.9786
SZ002170,芭田股份,0.08,3.9607,52.497
SZ300265,通光线缆,0.08,5.0118,61.3656
SZ300275,梅安森,0.08,5.1888,66.7752
SZ300294,博雅生物,0.08,6.4856,82.1842
SZ300508,维宏股份,0.08,5.3101,67.7665
SH600804,鹏博士,0.08,12.2232,144.7275
SZ300493,润欣科技,0.08,6.03,73.8699
SZ002338,奥普光电,0.08,5.9887,79.4006
SH603656,泰禾智能,0.08,4.5846,58.0594
SZ002524,光正眼科,0.08,7.022,84.6754
SZ002364,中恒电气,0.08,3.893,46.196
SZ300402,宝色股份,0.08,6.0862,75.395
SZ300576,容大感光,0.08,11.6544,140.4837
SH600320,振华重工,0.08,2.8043,33.5958
SZ300225,金力泰,0.08,9.5128,113.6354
SH601588,北辰实业,0.08,1.5746,19.1515
SZ002047,宝鹰股份,0.08,2.6837,35.6727
SZ300629,新劲刚,0.08,6.4142,76.8529
SZ300620,光库科技,0.08,5.811,74.5149
SH603633,徕木股份,0.07,4.6584,62.1388
SZ300298,三诺生物,0.07,6.944,100.7596
SH603139,康惠制药,0.07,3.4355,46.3287
SZ300299,富春股份,0.07,7.7394,108.5656
SZ300078,思创医惠,0.07,3.5936,55.183
SH601901,方正证券,0.07,2.8053,39.6733
SZ002819,东方中科,0.07,10.2336,140.9194
SH600387,ST海越,0.07,2.2894,34.7902
SZ300895,铜牛信息,0.07,5.8035,77.4622
SH603308,应流股份,0.07,5.4662,80.5682
SH600066,宇通客车,0.07,3.1392,47.0291
SZ300480,光力科技,0.07,7.8625,112.5447
SZ300228,富瑞特装,0.07,4.9619,66.7246
SH600392,盛和资源,0.07,5.0339,76.0382
SH603379,三美股份,0.07,4.466,65.8639
SH600400,红豆股份,0.07,3.8323,54.9975
SH688135,利扬芯片,0.07,7.2661,105.5128
SZ300456,赛微电子,0.07,6.8265,92.5622
SZ002520,日发精机,0.07,3.753,53.9785
SH603110,东方材料,0.07,7.777,114.7058
SH600111,北方稀土,0.07,8.2956,113.3575
SH688168,安博通,0.07,4.404,60.6056
SZ000627,天茂集团,0.07,2.7399,39.1291
SZ300049,福瑞股份,0.07,4.6358,64.8694
SZ300474,景嘉微,0.07,8.4926,125.0517
SZ002527,新时达,0.07,3.2314,43.692
SH600118,中国卫星,0.07,6.0785,88.7306
SZ300429,强力新材,0.07,5.1477,73.3649
SZ300637,扬帆新材,0.07,3.6033,53.7444
SZ300896,爱美客,0.07,16.937,239.2979
SZ300177,中海达,0.07,4.9123,69.9054
SZ002077,大港股份,0.07,3.3878,45.3354
SH600836,上海易连,0.07,26.3013,374.4429
SZ002156,通富微电,0.07,4.3141,57.7877
SZ300722,新余国科,0.07,10.7207,160.9277
SZ000949,新乡化纤,0.07,2.1925,32.435
SZ300238,冠昊生物,0.07,6.464,92.594
SZ300550,和仁科技,0.07,5.036,69.7926
SH601606,长城军工,0.07,4.9765,75.3035
SH600583,海油工程,0.07,1.6036,23.4029
SH600821,金开新能,0.07,3.5545,51.8614
SH601007,金陵饭店,0.07,2.8756,43.0717
SH603042,华脉科技,0.07,3.905,56.5275
SH603220,中贝通信,0.07,3.5314,50.7565
SZ300779,惠城环保,0.07,4.1091,61.5997
SZ300363,博腾股份,0.07,10.0468,153.2973
SZ300533,冰川网络,0.07,5.0058,74.0402
SZ300833,浩洋股份,0.07,7.2671,97.1212
SZ002577,雷柏科技,0.07,4.5145,66.7656
SZ002792,通宇通讯,0.07,3.5732,54.0715
SH600880,博瑞传播,0.07,2.9569,41.9716
SH688012,中微公司,0.07,12.1229,185.9288
SH601116,三江购物,0.07,3.8548,52.8791
SZ300130,新国都,0.07,3.5461,52.9718
SZ002209,达意隆,0.07,2.9004,43.042
SZ002590,万安科技,0.07,3.3591,46.0853
SH601069,西部黄金,0.07,4.4499,66.3938
SH603429,集友股份,0.06,6.0324,93.1564
SH603078,江化微,0.06,6.1033,109.1985
SZ002460,赣锋锂业,0.06,10.7514,174.4702
SZ000567,海德股份,0.06,2.9762,50.78
SZ002523,天桥起重,0.06,2.7256,46.4672
SZ000590,启迪药业,0.06,3.5867,60.1063
SH603496,恒为科技,0.06,4.5029,74.6904
SZ002350,北京科锐,0.06,3.0107,53.8023
SZ002515,金字火腿,0.06,4.4928,71.695
SZ002474,榕基软件,0.06,3.1805,53.4293
SZ002933,新兴装备,0.06,6.3071,109.8656
SZ002386,天原股份,0.06,2.3145,36.9964
SZ000519,中兵红箭,0.06,3.287,51.563
SZ000504,南华生物,0.06,36.2565,587.2713
SZ002906,华阳集团,0.06,5.1548,88.3594
SH688510,航亚科技,0.06,8.9037,146.7516
SZ002079,苏州固锝,0.06,4.9839,83.1588
SH688218,江苏北人,0.06,3.5207,61.1463
SH603138,海量数据,0.06,6.8924,108.0524
SZ002426,胜利精密,0.06,8.8746,154.6749
SZ000833,粤桂股份,0.06,2.2136,34.6207
SZ002722,金轮股份,0.06,1.7714,30.6549
SZ000968,蓝焰控股,0.06,2.8511,46.1157
SZ000973,佛塑科技,0.06,2.9805,52.8266
SH603332,苏州龙杰,0.06,2.6441,45.5369
SZ002190,成飞集成,0.06,4.7053,85.0197
SH688007,光峰科技,0.06,5.5998,91.1738
SZ002073,软控股份,0.06,2.2434,34.7852
SH688018,乐鑫科技,0.06,6.4013,113.7218
SH688022,瀚川智能,0.06,4.9835,76.8233
SZ002808,恒久科技,0.06,4.3898,78.3537
SH688065,凯赛生物,0.06,6.0915,99.9407
SZ002046,国机精工,0.06,2.2735,37.3257
SH603398,邦宝益智,0.06,5.2514,90.7331
SH603693,江苏新能,0.06,3.3252,57.8255
SH688081,兴图新科,0.06,4.5497,77.7551
SH603990,麦迪科技,0.06,4.1087,68.4055
SZ002023,海特高新,0.06,0.892,14.9206
SH603116,红蜻蜓,0.06,2.2938,41.6314
SH603655,朗博科技,0.06,4.5003,76.8758
SZ002842,翔鹭钨业,0.06,4.2622,69.3739
SH688155,先惠技术,0.06,8.1916,144.0396
SZ002850,科达利,0.06,5.5138,85.4112
SZ002544,杰赛科技,0.06,3.4421,58.4441
SH603098,森特股份,0.06,8.6788,146.0126
SH688202,美迪西,0.06,12.2273,212.6533
SH603396,金辰股份,0.06,8.6017,145.3416
SH688118,普元信息,0.06,3.2321,53.4611
SH688981,中芯国际,0.06,6.0718,102.6727
SH600500,中化国际,0.06,2.3529,39.336
SH600896,*ST海医,0.06,3.1918,53.8389
SH600268,国电南自,0.06,2.7829,49.499
SH600986,浙文互联,0.06,2.6248,43.0449
SH600103,青山纸业,0.06,2.1224,36.5349
SZ300475,聚隆科技,0.06,4.9198,82.5538
SH600516,方大炭素,0.06,3.5761,56.0691
SZ300489,中飞股份,0.06,6.5068,102.6666
SH600889,南京化纤,0.06,0.7915,13.314
SZ300581,晨曦航空,0.06,9.1399,150.9143
SH600883,博闻科技,0.06,3.4943,60.286
SH600059,古越龙山,0.06,3.5647,61.3484
SH601933,永辉超市,0.06,9.0958,158.931
SH600857,宁波中百,0.06,3.8267,59.2009
SZ300549,优德精密,0.06,4.3943,72.1079
SH600854,春兰股份,0.06,1.9598,35.479
SZ300120,经纬辉开,0.06,3.2222,56.2362
SZ300449,汉邦高科,0.06,5.1765,88.2834
SH600505,西昌电力,0.06,2.8763,46.9528
SH600114,东睦股份,0.06,3.3129,57.7918
SZ300399,天利科技,0.06,5.8674,101.8541
SH600499,科达制造,0.06,5.3739,89.1602
SH601020,ST华钰,0.06,3.0772,50.279
SZ300365,恒华科技,0.06,3.8971,65.3176
SH600249,两面针,0.06,2.765,44.3498
SH600130,波导股份,0.06,3.7259,66.9055
SZ300335,迪森股份,0.06,2.1267,37.7706
SH600178,东安动力,0.06,2.0633,33.5844
SZ300291,华录百纳,0.06,3.3611,57.6327
SZ300251,光线传媒,0.06,3.2442,56.1186
SH600212,江泉实业,0.06,8.0613,127.4148
SZ300224,正海磁材,0.06,5.0916,78.7844
SH600232,金鹰股份,0.06,2.9264,53.1955
SH600834,申通地铁,0.06,4.8967,81.9928
SH600072,中船科技,0.06,3.6755,60.4444
SZ300202,*ST聚龙,0.06,2.9454,52.678
SH600619,海立股份,0.06,3.6032,55.5324
SZ300018,中元股份,0.06,4.2845,68.0485
SH603009,北特科技,0.06,1.9745,31.8954
SZ300040,九洲集团,0.06,3.2045,53.658
SZ300641,正丹股份,0.06,3.2033,54.6475
SZ300667,必创科技,0.06,5.0851,78.7229
SH600765,中航重机,0.06,5.355,85.9622
SZ300750,宁德时代,0.06,10.9111,176.8421
SZ300616,尚品宅配,0.06,2.8881,51.7887
SZ002627,三峡旅游,0.05,2.1791,41.1206
SH600679,上海凤凰,0.05,3.707,70.7009
SZ000767,晋控电力,0.05,2.8519,61.7082
SZ002455,百川股份,0.05,4.8095,97.9054
SH600708,光明地产,0.05,0.7564,15.5593
SZ300217,东方电热,0.05,3.0802,59.6064
SZ000768,中航西飞,0.05,4.8807,105.7719
SH603976,正川股份,0.05,5.1099,104.8228
SH600137,浪莎股份,0.05,3.4946,74.4762
SH688418,震有科技,0.05,4.9077,101.8006
SZ300349,金卡智能,0.05,3.0733,57.0247
SH600151,航天机电,0.05,3.1886,62.4473
SZ300711,广哈通信,0.05,5.26,101.9142
SZ300232,洲明科技,0.05,3.6233,76.2948
SZ300678,中科信息,0.05,5.3844,105.0957
SH603318,水发燃气,0.05,2.5165,52.845
SZ300329,海伦钢琴,0.05,3.2385,66.2834
SH603390,通达电气,0.05,2.707,58.2539
SZ002417,深南股份,0.05,6.917,141.7638
SZ000962,东方钽业,0.05,4.1393,90.742
SZ002575,*ST群兴,0.05,3.2074,70.4868
SZ000790,华神科技,0.05,4.1839,80.7728
SZ300288,朗玛信息,0.05,3.2935,60.9544
SZ300281,金明精机,0.05,2.9617,62.8017
SZ002612,朗姿股份,0.05,4.7831,91.6936
SZ002424,贵州百灵,0.05,3.8312,74.7641
SH600831,广电网络,0.05,1.6495,35.4521
SZ300391,康跃科技,0.05,3.3,72.4665
SH600230,沧州大化,0.05,1.0382,19.1763
SZ300808,久量股份,0.05,3.606,68.8792
SZ300809,华辰装备,0.05,2.415,47.7308
SZ002149,西部材料,0.05,3.6252,77.9564
SZ300554,三超新材,0.05,3.7259,70.7891
SZ300589,江龙船艇,0.05,9.4904,185.863
SZ002102,ST冠福,0.05,3.8607,85.1609
SZ300597,吉大通信,0.05,3.7199,76.82
SH688033,天宜上佳,0.05,4.8033,87.6637
SZ300890,翔丰华,0.05,5.416,101.4574
SH603738,泰晶科技,0.05,4.9565,101.3776
SZ002095,生意宝,0.05,4.1135,87.1386
SZ300598,诚迈科技,0.05,8.1315,167.4735
SZ300766,每日互动,0.05,4.3044,82.3648
SZ000985,大庆华科,0.05,2.098,43.0858
SZ300512,中亚股份,0.05,3.1345,67.084
SH600792,云煤能源,0.05,1.7432,35.7659
SH688133,泰坦科技,0.05,10.2677,205.1866
SZ002036,联创电子,0.05,5.5243,115.5616
SH603933,睿能科技,0.05,2.4315,53.035
SZ002009,天奇股份,0.05,3.0903,57.0777
SH603615,茶花股份,0.05,2.7892,57.437
SH605358,立昂微,0.05,11.9884,238.2817
SZ002370,亚太药业,0.05,4.2173,83.5201
SZ002389,航天彩虹,0.05,4.2008,89.623
SZ300586,美联新材,0.05,5.7834,106.3139
SZ300655,晶瑞股份,0.05,8.1854,181.2571
SZ002390,信邦制药,0.05,3.5574,74.5169
SZ002963,豪尔赛,0.05,2.5935,53.6176
SZ002857,三晖电气,0.05,4.7848,99.1219
SZ002774,快意电梯,0.05,2.8727,57.7591
SZ000037,深南电A,0.05,3.1558,70.0472
SH688536,思瑞浦,0.05,13.1621,246.1269
SH603093,南华期货,0.05,3.8564,83.199
SZ000025,特力A,0.05,4.4675,93.1924
SZ300053,欧比特,0.05,3.6302,70.7882
SZ002745,木林森,0.05,2.6462,52.0477
SZ000416,民生控股,0.05,3.927,78.5767
SH688608,恒玄科技,0.05,6.5934,136.1103
SH688559,海目星,0.05,7.6015,153.8346
SH601890,亚星锚链,0.05,2.8819,55.3717
SH603200,上海洗霸,0.05,4.424,93.4943
SZ300113,顺网科技,0.05,3.6376,79.8101
SZ002703,浙江世宝,0.05,3.0891,67.9283
SZ002783,凯龙股份,0.04,2.9332,66.3847
SZ002856,美芝股份,0.04,2.0913,54.1426
SZ300553,集智股份,0.04,3.7352,100.4258
SZ300460,惠伦晶体,0.04,3.7533,90.9581
SH688030,山石网科,0.04,4.2958,113.3723
SH688222,成都先导,0.04,7.1546,202.8831
SZ300827,上能电气,0.04,12.3329,276.0442
SH603117,万林物流,0.04,2.1109,55.8051
SH601969,海南矿业,0.04,3.6187,94.2026
SH688286,敏芯股份,0.04,6.1807,176.281
SH688017,绿的谐波,0.04,7.1102,162.0816
SZ002285,世联行,0.04,2.1173,49.9314
SH601162,天风证券,0.04,3.0752,80.984
SZ300057,万顺新材,0.04,2.1952,57.9714
SZ002347,泰尔股份,0.04,2.3082,64.4792
SZ002340,格林美,0.04,3.4673,96.7949
SH600152,维科技术,0.04,3.5321,81.3478
SZ300467,迅游科技,0.04,3.6848,89.1273
SZ002528,英飞拓,0.04,2.3112,57.8213
SZ000038,深大通,0.04,2.8282,68.5078
SZ002747,埃斯顿,0.04,7.6515,201.4805
SZ002828,贝肯能源,0.04,2.5563,60.5779
SZ300527,中船应急,0.04,3.1863,82.6258
SH600080,金花股份,0.04,2.1964,53.8985
SZ002280,联络互动,0.04,4.9495,134.7625
SZ002278,神开股份,0.04,2.5006,66.2773
SZ300404,博济医药,0.04,3.9194,107.2237
SH600501,航天晨光,0.04,2.0922,55.9985
SZ300520,科大国创,0.04,2.7817,76.0454
SH600526,菲达环保,0.04,2.5853,66.4091
SZ002397,梦洁股份,0.04,2.4109,62.1683
SH600053,九鼎投资,0.04,3.2679,87.6516
SH600128,弘业股份,0.04,1.7832,46.8132
SH688589,力合微,0.04,5.6848,132.084
SH600573,惠泉啤酒,0.04,2.4963,69.1476
SH600992,贵绳股份,0.04,2.1151,54.3352
SZ002363,隆基机械,0.04,2.0534,47.6479
SH688050,爱博医疗,0.04,9.0425,233.9114
SZ002449,国星光电,0.04,2.7946,66.4377
SZ000637,茂化实华,0.04,1.5723,37.8921
SZ002458,益生股份,0.04,2.7302,63.101
SZ000570,苏常柴A,0.04,2.3919,60.5733
SH600082,海泰发展,0.04,1.9114,54.1732
SZ300046,台基股份,0.04,5.1483,142.8399
SH603959,百利科技,0.04,4.4152,105.2833
SZ300668,杰恩设计,0.04,4.2438,101.7281
SZ000909,数源科技,0.04,2.9856,69.9833
SZ300273,和佳医疗,0.04,2.4388,64.2024
SZ002594,比亚迪,0.04,7.4523,192.6797
SH603007,ST花王,0.04,1.8444,42.8695
SZ300001,特锐德,0.04,4.3752,116.7254
SH688518,联赢激光,0.04,5.7828,153.5
SZ000801,四川九洲,0.04,3.0703,77.1425
SZ300713,英可瑞,0.04,4.008,98.4387
SZ000788,北大医药,0.04,3.0744,81.2683
SZ000816,智慧农业,0.04,2.589,72.4216
SH601500,通用股份,0.04,2.483,62.9058
SH600673,东阳光,0.04,5.9763,144.5765
SZ300663,科蓝软件,0.04,6.5592,153.63
SZ000735,罗牛山,0.04,2.4672,65.0801
SZ000970,中科三环,0.04,2.8073,77.2166
SH601698,中国卫通,0.04,4.2714,112.0354
SH600423,柳化股份,0.04,3.2933,73.1853
SZ002723,金莱特,0.04,4.1758,109.9546
SH601399,国机重装,0.04,2.6988,63.4201
SZ300277,海联讯,0.04,5.2277,124.6234
SZ002986,宇新股份,0.04,2.2686,63.7999
SZ000553,安道麦A,0.04,1.6135,43.9219
SH688366,昊海生科,0.04,4.2039,104.1438
SH600647,同达创业,0.04,3.9835,96.2326
SH603348,文灿股份,0.04,3.4568,84.2123
SZ000737,南风化工,0.04,20.5443,472.1723
SZ002676,顺威股份,0.04,2.5929,59.7674
SH600238,海南椰岛,0.04,4.4769,114.6802
SH600775,南京熊猫,0.04,2.2226,58.99
SH601608,中信重工,0.04,2.6971,69.2757
SH603286,日盈电子,0.04,3.1966,71.2783
SZ300707,威唐工业,0.04,4.659,109.6413
SH600227,圣济堂,0.04,1.7418,46.6097
SH600960,渤海汽车,0.03,1.4375,42.9217
SZ002333,罗普斯金,0.03,2.0995,62.811
SZ000821,京山轻机,0.03,2.6279,78.9466
SZ002234,民和股份,0.03,2.4883,88.7964
SZ000862,银星能源,0.03,1.3001,41.1633
SZ002251,步步高,0.03,1.5022,53.9399
SZ300523,辰安科技,0.03,5.9255,176.7314
SZ000815,美利云,0.03,2.3005,72.4511
SZ002268,卫士通,0.03,3.4869,120.6658
SZ002307,北新路桥,0.03,2.3375,90.5377
SZ002820,桂发祥,0.03,2.34,67.6842
SH600716,凤凰股份,0.03,1.0033,31.5576
SZ300510,金冠股份,0.03,2.0257,79.0455
SZ300500,启迪设计,0.03,2.569,77.6759
SH600686,金龙汽车,0.03,0.6686,20.4827
SH600703,三安光电,0.03,3.9531,145.108
SH688116,天奈科技,0.03,6.6159,247.9152
SZ002286,保龄宝,0.03,3.1495,90.0256
SZ002811,郑中设计,0.03,1.7035,64.7212
SZ300538,同益股份,0.03,4.883,147.2685
SZ000683,远兴能源,0.03,0.6666,20.5909
SZ002041,登海种业,0.03,3.5593,137.2787
SZ300074,华平股份,0.03,1.9237,70.0756
SZ300065,海兰信,0.03,3.3488,119.8291
SH600753,东方银星,0.03,10.0343,401.0571
SZ002885,京泉华,0.03,4.1441,127.3804
SZ300109,新开源,0.03,1.4551,58.1239
SZ002881,美格智能,0.03,4.853,156.0868
SH688010,福光股份,0.03,2.847,102.0748
SH600769,祥龙电业,0.03,9.1171,319.6986
SZ300846,首都在线,0.03,5.8629,180.0052
SZ002093,国脉科技,0.03,2.4049,73.5388
SZ002092,中泰化学,0.03,0.7731,29.095
SZ300604,长川科技,0.03,8.1318,232.6858
SZ300613,富瀚微,0.03,7.0852,234.3831
SH600628,新世界,0.03,1.6326,48.8218
SH688005,容百科技,0.03,4.8444,192.3251
SZ000729,燕京啤酒,0.03,1.4932,53.2081
SZ300557,理工光科,0.03,2.729,101.105
SZ002151,北斗星通,0.03,3.925,142.583
SZ002969,嘉美包装,0.03,1.6536,48.0951
SH688025,杰普特,0.03,2.7816,106.7784
SZ000969,安泰科技,0.03,2.2815,67.0021
SZ000700,模塑科技,0.03,0.5606,21.4181
SZ300836,佰奥智能,0.03,3.3321,112.439
SZ300017,网宿科技,0.03,2.5396,86.9445
SZ300539,横河精密,0.03,2.9411,86.9643
SZ300831,派瑞股份,0.03,4.751,142.0434
SZ002183,怡亚通,0.03,2.0738,70.9375
SH603011,合锻智能,0.03,1.5384,45.7813
SZ000045,深纺织A,0.03,1.3567,53.3824
SH600279,重庆港九,0.03,1.6167,47.1617
SZ300731,科创新源,0.03,4.612,142.1128
SH600662,强生控股,0.03,1.8088,60.4135
SH600851,海欣股份,0.03,2.9708,84.9885
SZ002160,常铝股份,0.03,0.7287,26.9365
SZ300651,金陵体育,0.03,4.4386,153.0265
SH603161,科华控股,0.03,1.6077,56.7761
SZ300694,蠡湖股份,0.03,3.7121,121.5137
SZ002731,萃华珠宝,0.03,2.3143,76.5546
SZ300245,天玑科技,0.03,2.6755,77.1043
SH603595,东尼电子,0.03,4.4091,149.695
SZ300272,开能健康,0.03,2.2311,73.8175
SZ300689,澄天伟业,0.03,3.8822,118.6772
SH688368,晶丰明源,0.03,5.7586,212.5386
SZ300163,先锋新材,0.03,3.0889,96.2055
SH600242,ST中昌,0.03,1.8155,54.5959
SZ000629,攀钢钒钛,0.03,2.3952,82.1391
SZ300302,同有科技,0.03,2.8803,108.596
SH600184,光电股份,0.03,2.1778,70.1764
SZ002410,广联达,0.03,6.8322,218.3196
SZ300393,中来股份,0.03,2.9932,105.3981
SZ002762,金发拉比,0.03,3.2874,108.3366
SZ000408,藏格控股,0.03,2.893,83.5411
SZ002418,康盛股份,0.03,2.0626,64.0333
SZ300321,同大股份,0.03,3.1548,101.5834
SZ002431,棕榈股份,0.03,0.9685,32.5737
SZ000619,海螺型材,0.03,1.3063,44.9896
SZ300382,斯莱克,0.03,6.3205,204.6848
SH600467,好当家,0.03,1.915,58.0865
SH601816,京沪高铁,0.03,1.886,69.3891
SZ300331,苏大维格,0.03,3.4429,110.5356
SZ002478,常宝股份,0.03,2.786,98.1301
SH600482,中国动力,0.03,1.7203,51.6818
SH600149,廊坊发展,0.03,5.7295,190.8039
SZ002513,蓝丰生化,0.03,1.2917,50.7869
SZ002617,露笑科技,0.03,4.4329,154.9397
SZ300339,润和软件,0.03,5.866,171.1595
SH600416,湘电股份,0.03,2.7963,98.5253
SZ300241,瑞丰光电,0.03,3.9506,120.0887
SZ002715,登云股份,0.03,3.0621,100.1037
SZ002371,北方华创,0.03,8.4979,311.4202
SZ300444,双杰电气,0.03,3.7726,112.3725
SH601519,大智慧,0.03,4.8561,152.4154
SH600113,浙江东日,0.03,2.0284,60.5689
SH603602,纵横通信,0.03,2.3205,89.9531
SZ300234,开尔新材,0.03,8.1673,280.1976
SZ300198,纳川股份,0.03,3.3832,107.168
SZ300322,硕贝德,0.02,2.9974,170.7407
SZ300781,因赛集团,0.02,2.5627,108.3991
SH603106,恒银科技,0.02,2.0092,107.7447
SZ000726,鲁泰A,0.02,1.265,71.4247
SZ300152,科融环境,0.02,1.725,102.7338
SZ000889,中嘉博创,0.02,0.8645,55.0917
SH601600,中国铝业,0.02,1.3597,58.265
SH603101,汇嘉时代,0.02,1.1665,49.7039
SZ300187,永清环保,0.02,2.168,119.4528
SZ000812,陕西金叶,0.02,1.5941,104.2362
SH603978,深圳新星,0.02,1.7708,99.4784
SZ300056,中创环保,0.02,2.1818,88.7421
SZ300688,创业黑马,0.02,1.9505,123.8363
SH600811,东方集团,0.02,1.1412,54.1627
SH688011,新光光电,0.02,1.9718,127.6758
SZ300332,天壕环境,0.02,1.6095,75.9853
SZ002115,三维通信,0.02,0.7024,46.6049
SH600815,厦工股份,0.02,2.789,156.3451
SZ300062,中能电气,0.02,1.7227,80.295
SZ000713,丰乐种业,0.02,2.9569,145.3472
SH600697,欧亚集团,0.02,0.7007,34.9868
SZ002741,光华科技,0.02,2.8474,138.3569
SZ300147,香雪制药,0.02,2.7705,120.62
SZ300466,赛摩智能,0.02,2.2093,95.2666
SH688488,艾迪药业,0.02,4.1513,171.306
SH688333,铂力特,0.02,7.7717,321.5791
SZ300176,派生科技,0.02,1.6942,76.0863
SH688313,仕佳光子,0.02,4.1833,228.6905
SH603077,和邦生物,0.02,0.366,21.9279
SZ300170,汉得信息,0.02,2.0604,99.0122
SH600428,中远海特,0.02,1.3079,84.8029
SH600728,佳都科技,0.02,1.7802,89.998
SH600435,北方导航,0.02,2.8564,150.2355
SZ002596,海南瑞泽,0.02,1.3254,78.0925
SZ002006,精功科技,0.02,3.0715,128.4631
SH603001,奥康国际,0.02,0.7573,48.8255
SZ002017,东信和平,0.02,2.5255,123.1842
SH600725,云维股份,0.02,5.1875,239.4763
SH600418,江淮汽车,0.02,1.0968,50.0257
SH603029,天鹅股份,0.02,1.8955,83.4119
SZ300565,科信技术,0.02,1.8459,85.9858
SZ300237,美晨生态,0.02,1.5372,77.8755
SH600439,瑞贝卡,0.02,1.354,76.6363
SH600773,西藏城投,0.02,3.1429,160.5549
SH600718,东软集团,0.02,1.5341,73.889
SZ300672,国科微,0.02,5.9043,257.7299
SZ002733,雄韬股份,0.02,2.8979,149.4855
SH600776,东方通信,0.02,3.2779,142.4925
SZ300626,华瑞股份,0.02,2.1434,104.0637
SH600169,太原重工,0.02,0.8553,49.3171
SH600785,新华百货,0.02,1.8268,78.6249
SH600166,福田汽车,0.02,1.0077,46.3608
SH600303,曙光股份,0.02,1.8661,88.3567
SH600100,同方股份,0.02,0.6328,28.0074
SZ300568,星源材质,0.02,4.4702,210.8788
SZ300798,锦鸡股份,0.02,1.888,117.8295
SH600037,歌华有线,0.02,1.2557,83.159
SZ300409,道氏技术,0.02,2.4452,128.1866
SH600893,航发动力,0.02,3.5375,155.2576
SZ002771,真视通,0.02,2.9466,136.9697
SH600259,广晟有色,0.02,2.9524,167.304
SZ002261,拓维信息,0.02,1.9072,123.1987
SZ002256,兆新股份,0.02,3.3847,138.9553
SH600071,凤凰光学,0.02,2.8496,155.9111
SZ002250,联化科技,0.02,1.8442,104.1314
SZ002249,大洋电机,0.02,1.3242,73.3405
SH688099,晶晨股份,0.02,4.0169,187.3377
SZ300346,南大光电,0.02,6.8555,295.4777
SZ000667,美好置业,0.02,1.3243,75.076
SZ300091,金通灵,0.02,2.3169,108.571
SZ002767,先锋电子,0.02,2.8054,126.1385
SZ002229,鸿博股份,0.02,1.5119,61.5462
SZ002378,章源钨业,0.02,2.2061,113.0388
SZ300106,西部牧业,0.02,2.0878,108.7845
SZ300414,中光防雷,0.02,3.561,147.7916
SZ000155,川能动力,0.02,4.2536,191.8869
SZ300457,赢合科技,0.02,4.5452,298.0588
SZ002330,得利斯,0.02,2.1702,91.7365
SZ002326,永太科技,0.02,3.6685,201.2643
SH600272,开开实业,0.02,2.6523,130.8255
SZ002319,乐通股份,0.02,5.1767,253.0395
SZ000633,合金投资,0.02,5.5193,239.8069
SZ300107,建新股份,0.02,2.8082,151.245
SZ300419,浩丰科技,0.02,2.7097,156.3943
SZ300490,华自科技,0.02,1.7116,93.1687
SZ300492,华图山鼎,0.02,4.8735,290.4111
SH600520,文一科技,0.02,2.2195,104.907
SZ300505,川金诺,0.02,4.2027,186.4254
SZ002785,万里石,0.02,1.9435,116.004
SZ002686,亿利达,0.02,1.9762,83.212
SH600539,狮头股份,0.02,2.6814,131.5722
SZ002696,百洋股份,0.02,1.6702,87.1999
SH601958,金钼股份,0.02,1.4319,83.8222
SZ002453,华软科技,0.02,3.0732,134.4943
SZ002491,通鼎互联,0.02,1.5261,69.1185
SH688037,芯源微,0.02,6.2863,305.5528
SZ300551,古鳌科技,0.02,3.9632,252.0091
SZ002198,嘉应制药,0.02,2.9474,177.5297
SH688229,博睿数据,0.02,5.9608,271.5134
SH688198,佰仁医疗,0.02,7.053,350.9615
SH600478,科力远,0.02,2.1879,108.525
SZ002199,东晶电子,0.02,1.9912,121.4045
SH600135,乐凯胶片,0.02,1.5619,82.5464
SZ002177,御银股份,0.02,4.2937,199.9015
SZ300079,数码视讯,0.02,1.9774,110.8627
SH600246,万通发展,0.02,0.6853,37.479
SH688023,安恒信息,0.02,8.3307,438.1932
SH600476,湘邮科技,0.02,2.7106,168.5426
SH601101,昊华能源,0.02,0.664,39.4699
SH600129,太极集团,0.02,2.0613,86.4483
SH600313,农发种业,0.01,1.8637,148.7464
SH600509,天富能源,0.01,0.8039,80.8413
SZ300712,永福股份,0.01,5.0612,403.6825
SZ000605,渤海股份,0.01,1.0045,73.7026
SH600550,保变电气,0.01,3.3906,245.9081
SH600333,长春燃气,0.01,0.777,60.2047
SZ000721,西安饮食,0.01,1.4503,135.0193
SH600099,林海股份,0.01,1.596,135.909
SZ300810,中科海讯,0.01,2.1177,161.1839
SZ300708,聚灿光电,0.01,2.8585,298.3889
SH600222,太龙药业,0.01,2.1169,249.7184
SZ000716,黑芝麻,0.01,0.3323,50.0229
SZ000530,冰山冷热,0.01,0.6318,60.0528
SZ000520,长航凤凰,0.01,2.5376,211.6733
SH600150,中国船舶,0.01,0.9995,190.6801
SZ000595,宝塔实业,0.01,1.7351,202.8157
SZ000070,特发信息,0.01,0.3891,68.5411
SH600488,天药股份,0.01,1.1496,214.6704
SH600312,平高电气,0.01,1.3911,137.4699
SH600448,华纺股份,0.01,1.2268,142.6727
SH600540,新赛股份,0.01,1.3057,194.8697
SZ000301,东方盛虹,0.01,2.0044,157.3731
SH600010,包钢股份,0.01,0.7696,84.6811
SZ000020,深华发A,0.01,2.0521,210.6428
SH600536,中国软件,0.01,2.9771,403.892
SH600576,祥源文化,0.01,1.8706,157.3352
SH600343,航天动力,0.01,1.3014,183.8377
SH600165,新日恒力,0.01,2.2532,245.2252
SZ000058,深赛格,0.01,1.3626,98.4651
SH600498,烽火通信,0.01,0.8917,71.6182
SH600460,士兰微,0.01,1.9803,340.1911
SH600429,三元股份,0.01,0.4421,42.2666
SH600127,金健米业,0.01,2.8919,237.0742
SH600199,金种子酒,0.01,2.4266,202.9278
SZ000554,泰山石油,0.01,0.8009,124.8843
SH600301,*ST南化,0.01,2.7708,261.8968
SH600338,西藏珠峰,0.01,1.2649,96.6483
SZ000158,常山北明,0.01,1.6986,118.5314
SH600158,中体产业,0.01,2.5281,349.434
SH600237,铜峰电子,0.01,0.7188,130.6906
SH600463,空港股份,0.01,0.7247,131.8197
SZ000677,恒天海龙,0.01,2.3013,154.3675
SZ300742,越博动力,0.01,2.4728,281.1862
SH603828,柯利达,0.01,1.3961,110.788
SH601008,连云港,0.01,1.0703,96.8843
SZ300448,浩云科技,0.01,0.9172,87.0125
SZ300436,广生堂,0.01,2.5958,384.0297
SZ002407,多氟多,0.01,1.6582,285.1647
SH601011,宝泰隆,0.01,0.8653,89.4896
SZ300386,飞天诚信,0.01,3.3788,529.9964
SZ002428,云南锗业,0.01,1.5687,247.6285
SZ002451,摩恩电气,0.01,1.0642,154.0943
SH603536,惠发食品,0.01,3.5099,266.4847
SZ300377,赢时胜,0.01,0.5004,34.6145
SZ002471,中超控股,0.01,0.7673,120.0231
SZ002472,双环传动,0.01,1.4306,140.9887
SZ002476,宝莫股份,0.01,1.6167,270.7621
SH601106,中国一重,0.01,1.1764,182.0915
SZ002486,嘉麟杰,0.01,1.7893,128.734
SZ002495,佳隆股份,0.01,0.8163,100.1303
SZ300364,中文在线,0.01,3.41,228.3222
SZ300438,鹏辉能源,0.01,2.2247,152.5234
SZ002342,巨力索具,0.01,1.3559,120.8243
SH603773,沃格光电,0.01,0.8733,89.5204
SH600969,郴电国际,0.01,0.8719,69.3038
SZ002201,九鼎新材,0.01,3.591,248.2345
SZ002204,大连重工,0.01,0.8948,90.827
SZ002205,国统股份,0.01,1.9173,155.41
SH600871,石化油服,0.01,1.1712,88.4891
SZ002213,大为股份,0.01,2.4143,328.5484
SH600881,亚泰集团,0.01,0.9466,64.8024
SH600882,妙可蓝多,0.01,4.3078,374.7817
SZ002240,盛新锂能,0.01,0.9443,87.0217
SH600884,杉杉股份,0.01,1.1391,91.9551
SZ002284,亚太股份,0.01,0.6157,92.0579
SZ002288,超华科技,0.01,1.3577,97.6053
SZ002297,博云新材,0.01,1.6299,151.2764
SZ002305,南国置业,0.01,0.5044,50.2157
SZ002308,威创股份,0.01,1.5466,206.7894
SH600959,江苏有线,0.01,0.7797,61.7306
SH603499,翔港科技,0.01,1.3962,227.2718
SH601118,海南橡胶,0.01,0.7291,110.2254
SZ300337,银邦股份,0.01,1.1468,98.3337
SZ300330,华虹计通,0.01,1.5629,242.9082
SH601777,力帆科技,0.01,0.9065,92.0407
SH603222,济民医疗,0.01,0.7367,88.7303
SZ002750,龙津药业,0.01,1.8744,158.5917
SZ002752,昇兴股份,0.01,0.7462,97.045
SZ002765,蓝黛科技,0.01,0.4605,58.9148
SZ300128,锦富技术,0.01,1.8418,172.9982
SZ300126,锐奇股份,0.01,1.1549,134.7673
SZ002795,永和智控,0.01,2.0723,203.5427
SH601929,吉视传媒,0.01,0.9332,74.3722
SZ002865,钧达股份,0.01,1.3769,95.9993
SZ300050,世纪鼎利,0.01,1.0768,136.6475
SH603090,宏盛股份,0.01,1.3091,233.2338
SH603023,威帝股份,0.01,2.1329,179.9182
SH600316,洪都航空,0.01,2.6319,189.4447
SZ300008,天海防务,0.01,2.4896,393.8953
SZ002729,好利来,0.01,2.4979,204.6193
SZ300165,天瑞仪器,0.01,1.2802,136.2574
SZ300173,福能东方,0.01,1.0282,155.8633
SZ002562,兄弟科技,0.01,1.0491,203.7213
SH601179,中国西电,0.01,1.2225,86.9094
SZ300319,麦捷科技,0.01,1.7181,133.5741
SZ300317,珈伟新能,0.01,1.552,115.6753
SH601212,白银有色,0.01,0.4977,50.1057
SZ300313,ST天山,0.01,2.7693,289.3769
SZ300311,任子行,0.01,1.911,165.7197
SZ300310,宜通世纪,0.01,1.1936,215.1473
SZ300197,节能铁汉,0.01,0.9378,78.7427
SZ002580,圣阳股份,0.01,1.9647,154.7571
SH601375,中原证券,0.01,0.9054,73.5212
SZ002625,光启技术,0.01,2.0945,294.6711
SZ300239,东宝生物,0.01,1.862,201.4173
SZ002656,ST摩登,0.01,0.9628,69.5334
SZ300211,亿通科技,0.01,1.9709,377.5877
SH600868,梅雁吉祥,0.01,1.4611,183.6031
SZ002910,庄园牧场,0.01,0.7421,55.1085
SZ000931,中关村,0.01,1.509,127.6613
SH600719,大连热电,0.01,1.3041,202.0434
SH600839,四川长虹,0.01,0.3485,30.9372
SZ002148,北纬科技,0.01,1.3927,150.6117
SZ300561,汇金科技,0.01,2.5868,229.5561
SH600711,盛屯矿业,0.01,0.601,48.2217
SZ002137,实益达,0.01,1.9529,165.8625
SZ002125,湘潭电化,0.01,1.7045,187.1945
SZ002123,梦网科技,0.01,2.343,168.8693
SH603869,新智认知,0.01,0.4283,30.7785
SH603879,永悦科技,0.01,1.1899,206.8822
SZ300681,英搏尔,0.01,2.3041,271.0782
SZ002096,南岭民爆,0.01,0.9934,76.2415
SH603895,天永智能,0.01,2.0709,151.4794
SH600797,浙大网新,0.01,1.4719,119.1146
SZ000982,中银绒业,0.01,2.961,241.5609
SZ000998,隆平高科,0.01,2.0011,230.0515
SZ300619,金银河,0.01,2.5034,187.675
SZ300647,超频三,0.01,2.4373,283.3579
SH600749,西藏旅游,0.01,0.4541,61.2937
SZ000893,亚钾国际,0.01,1.6184,241.5154
SH603922,金鸿顺,0.01,0.7316,112.336
SZ002180,纳思达,0.01,1.2644,230.1147
SH603819,神力股份,0.01,1.9783,220.4369
SZ300540,深冷股份,0.01,1.6914,233.7488
SZ000882,华联股份,0.01,0.2848,36.9697
SH603333,尚纬股份,0.0,1.0778,308.3479
SZ300045,华力创通,0.0,1.617,336.1974
SZ300023,*ST宝德,-0.0,-0.3721,1853.0879
SZ002657,中科金财,0.0,0.3066,330.0978
SH600220,江苏阳光,0.0,0.7539,445.3522
SH600730,中国高科,0.0,0.9812,202.3171
SH603068,博通集成,0.0,2.0441,426.1858
SZ002631,德尔未来,-0.0,-1.4901,4265.9803
SH600203,福日电子,0.0,0.4722,142.2069
SH603963,大理药业,0.0,0.6887,345.1775
SZ000996,中国中期,0.0,1.2776,446.1293
SZ002613,北玻股份,0.0,0.9045,324.0743
SZ000089,深圳机场,0.0,0.2341,71.654
SZ002610,爱康科技,0.0,0.5383,440.6839
SZ002667,鞍重股份,0.0,0.6499,1030.3321
SZ300279,和晶科技,0.0,0.5557,219.7286
SH600696,岩石股份,0.0,2.8409,903.9077
SZ002902,铭普光磁,0.0,0.4061,195.1666
SH600187,国中水务,0.0,0.8921,1271.2133
SZ002571,德力股份,0.0,0.3577,152.0846
SZ000758,中色股份,0.0,0.4571,310.233
SZ002565,顺灏股份,0.0,0.4026,217.2994
SZ300733,西菱动力,0.0,0.7129,164.5404
SZ000861,海印股份,0.0,0.835,221.6727
SZ002552,宝鼎科技,0.0,1.1379,403.3247
SZ000852,石化机械,0.0,0.3947,151.1787
SZ300706,阿石创,0.0,1.3257,551.2366
SZ002679,福建金森,0.0,1.1579,407.4452
SZ300223,北京君正,0.0,1.5525,425.1851
SZ300118,东方日升,0.0,1.9812,444.5733
SZ300105,龙源技术,0.0,0.5141,171.0703
SZ300123,亚光科技,0.0,0.6966,502.3091
SZ000890,法尔胜,0.0,0.0,39.5613
SH600257,大湖股份,0.0,0.3592,1031.4482
SZ300134,大富科技,0.0,0.7092,234.9202
SZ000423,东阿阿胶,0.0,0.4393,107.7994
SZ300096,易联众,0.0,1.5806,814.0691
SZ300085,银之杰,0.0,1.5345,698.6715
SH600250,南纺股份,0.0,2.1798,763.7775
SZ000426,兴业矿业,-0.0,-3.4955,3906.9425
SH600360,华微电子,0.0,1.0978,274.5543
SZ300135,宝利国际,0.0,0.3141,1032.3056
SH600714,金瑞矿业,0.0,0.5794,368.1304
SH688321,微芯生物,0.0,2.1119,892.01
SZ000516,国际医学,0.0,0.9112,566.8744
SZ000518,四环生物,0.0,4.3521,955.3734
SZ300077,国民技术,0.0,0.9443,2940.8524
SZ300076,GQY视讯,0.0,1.551,325.5482
SH600292,远达环保,0.0,0.518,141.2921
SH600722,金牛化工,0.0,0.9835,207.4044
SH600698,湖南天雁,0.0,1.323,294.7349
SZ300191,潜能恒信,0.0,0.8707,963.8258
SZ002689,远大智能,0.0,0.655,220.2668
SZ002197,证通电子,0.0,0.7552,192.5054
SZ000584,哈工智能,0.0,0.2763,1581.3696
SH600870,*ST厦华,0.0,10.5026,6228.8131
SH600847,万里股份,0.0,0.5805,189.1908
SZ000856,冀东装备,0.0,1.3065,295.2132
SZ300318,博晖创新,0.0,0.6437,906.0057
SZ002134,天津普林,0.0,1.646,467.9191
SH600608,ST沪科,0.0,3.704,2184.3228
SH600110,诺德股份,0.0,0.1984,108.5771
SZ000712,锦龙股份,0.0,1.9603,511.3245
SZ300479,神思电子,0.0,1.1084,285.4447
SZ300555,路通视信,0.0,0.5328,167.8029
SZ300495,*ST美尚,-0.0,-0.144,43.936
SH688126,沪硅产业-U,0.0,1.1997,554.2807
SH688027,国盾量子,0.0,2.22,677.8008
SZ002294,信立泰,0.0,1.0146,466.0291
SZ002291,星期六,0.0,0.727,177.5807
SZ300819,聚杰微纤,0.0,0.9169,222.1415
SH603703,盛洋科技,0.0,0.6883,240.8839
SH600495,晋西车轴,0.0,0.6307,289.13
SZ002176,江特电机,0.0,0.9171,392.8941
SH600532,未来股份,0.0,1.1688,447.8187
SH603718,海利生物,0.0,0.8425,553.0323
SH600538,国发股份,0.0,0.4296,591.7442
SZ000673,*ST当代,0.0,0.0,79.1359
SZ002227,奥特迅,0.0,0.7706,388.7116
SZ300534,陇神戎发,0.0,0.2509,1119.1864
SH600543,莫高股份,0.0,0.1582,708.6334
SZ002210,*ST飞马,0.0,0.0,0.7245
SZ300536,农尚环境,0.0,1.1713,701.6035
SZ000701,厦门信达,0.0,0.4966,196.0485
SZ002192,融捷股份,0.0,3.7703,1348.4677
SH600568,ST中珠,0.0,0.086,1149.8802
SZ002193,如意集团,0.0,0.1916,496.5384
SZ002393,力生制药,0.0,0.1976,348.7179
SZ002387,维信诺,0.0,1.3497,3807.5603
SZ002501,*ST利源,0.0,0.0,1.4955
SZ300615,欣天科技,0.0,1.1562,548.9796
SZ000585,*ST东电,0.0,0.0,21.0227
SH600160,巨化股份,0.0,0.7516,329.718
SH600771,广誉远,0.0,1.3421,1962.8981
SZ300323,华灿光电,0.0,0.3281,240.6424
SZ002529,海源复材,0.0,3.9125,3002.8756
SZ002058,*ST威尔,-0.0,-0.3701,442.0635
SZ300328,宜安科技,0.0,1.2441,3487.0251
SZ000597,东北制药,0.0,0.3146,101.1728
SZ300345,华民股份,0.0,1.0391,236.1251
SZ002505,鹏都农牧,0.0,0.3542,301.2129
SZ002502,鼎龙文化,0.0,2.5592,515.118
SZ000622,恒立实业,0.0,1.4443,463.8911
SH600640,号百控股,0.0,0.228,188.8164
SH600695,*ST绿庭,-0.0,-3.1495,2096.3801
SZ300374,中铁装配,0.0,0.9193,209.8557
SH600796,钱江生化,0.0,0.8573,442.6029
SZ300769,德方纳米,-0.0,-1.8583,1463.2348
SZ002074,国轩高科,0.0,1.5111,477.5814
SZ002104,恒宝股份,0.0,0.0894,251.747
SH600616,金枫酒业,0.0,0.6252,303.0948
SZ002076,ST雪莱,0.0,0.0,62.1505
SH600052,浙江广厦,-0.01,-1.3409,138.7142
SZ000023,深天地A,-0.01,-1.695,247.7626
SZ300721,怡达股份,-0.01,-0.4626,65.1712
SZ002759,天际股份,-0.01,-0.402,70.3178
SZ300240,飞力达,-0.01,-0.7059,80.1486
SZ000936,华西股份,-0.02,-6.7733,336.4049
SZ000599,青岛双星,-0.02,-0.928,40.8539
SH600723,首商股份,-0.02,-0.8101,51.4757
SZ002615,哈尔斯,-0.03,-3.3302,97.6966
SZ000888,峨眉山A,-0.03,-1.5542,53.4395
SZ000626,远大控股,-0.04,-4.1729,118.1316
SZ002875,安奈儿,-0.04,-5.4109,122.3502
SZ300756,金马游乐,-0.04,-1.9373,51.2593
SH603885,吉祥航空,-0.05,-3.9897,85.8193
SZ000638,*ST万方,-0.05,-13.1016,271.922
SZ000521,长虹美菱,-0.09,-1.7358,18.333
SZ000822,山东海化,-0.11,-7.8774,72.3086
SH600590,泰豪科技,-0.11,-6.96,65.0319
SH600707,彩虹股份,-0.12,-4.0209,34.0289
SZ000755,山西路桥,-0.31,-4.2364,13.8348
