stopProcess,code,name,end_date
1,SZ000001,平安银行,20201231
1,SZ000005,ST星源,20201231
1,SZ000006,深振业A,20201231
1,SZ000007,*ST全新,20201231
1,SZ000008,神州高铁,20201231
1,SZ000010,美丽生态,20201231
1,SZ000012,南玻A,20201231
1,SZ000014,沙河股份,20201231
1,SZ000016,深康佳A,20201231
1,SZ000017,深中华A,20201231
1,SZ000019,深粮控股,20201231
1,SZ000020,深华发A,20201231
1,SZ000021,深科技,20201231
1,SZ000023,深天地A,20201231
1,SZ000026,飞亚达,20201231
1,SZ000027,深圳能源,20201231
1,SZ000028,国药一致,20201231
1,SZ000030,富奥股份,20201231
1,SZ000031,大悦城,20201231
1,SZ000032,深桑达A,20201231
1,SZ000034,神州数码,20201231
1,SZ000035,中国天楹,20201231
1,SZ000036,华联控股,20201231
1,SZ000037,深南电A,20201231
1,SZ000038,深大通,20201231
1,SZ000039,中集集团,20201231
1,SZ000040,东旭蓝天,20201231
1,SZ000042,中洲控股,20201231
1,SZ000045,深纺织A,20201231
1,SZ000046,泛海控股,20201231
1,SZ000049,德赛电池,20201231
1,SZ000050,深天马A,20201231
1,SZ000056,皇庭国际,20201231
1,SZ000058,深赛格,20201231
1,SZ000059,华锦股份,20201231
1,SZ000060,中金岭南,20201231
1,SZ000061,农产品,20201231
1,SZ000062,深圳华强,20201231
1,SZ000063,中兴通讯,20201231
1,SZ000065,北方国际,20201231
1,SZ000066,中国长城,20201231
1,SZ000068,华控赛格,20201231
1,SZ000070,特发信息,20201231
1,SZ000078,海王生物,20201231
1,SZ000089,深圳机场,20201231
1,SZ000090,天健集团,20201231
1,SZ000100,TCL科技,20201231
1,SZ000150,宜华健康,20201231
1,SZ000151,中成股份,20201231
1,SZ000153,丰原药业,20201231
1,SZ000157,中联重科,20201231
1,SZ000158,常山北明,20201231
1,SZ000159,国际实业,20201231
1,SZ000166,申万宏源,20201231
1,SZ000301,东方盛虹,20201231
1,SZ000333,美的集团,20201231
1,SZ000338,潍柴动力,20201231
1,SZ000400,许继电气,20201231
1,SZ000403,派林生物,20201231
1,SZ000404,长虹华意,20201231
1,SZ000407,胜利股份,20201231
1,SZ000408,藏格矿业,20201231
1,SZ000409,云鼎科技,20201231
1,SZ000410,ST沈机,20201231
1,SZ000411,英特集团,20201231
1,SZ000413,东旭光电,20201231
1,SZ000415,渤海租赁,20201231
1,SZ000417,合肥百货,20201231
1,SZ000419,通程控股,20201231
1,SZ000420,吉林化纤,20201231
1,SZ000421,南京公用,20201231
1,SZ000422,湖北宜化,20201231
1,SZ000423,东阿阿胶,20201231
1,SZ000425,徐工机械,20201231
1,SZ000426,兴业矿业,20201231
1,SZ000428,华天酒店,20201231
1,SZ000430,张家界,20201231
1,SZ000488,晨鸣纸业,20201231
1,SZ000498,山东路桥,20201231
1,SZ000501,鄂武商A,20201231
1,SZ000502,*ST绿景,20201231
1,SZ000503,国新健康,20201231
1,SZ000504,南华生物,20201231
1,SZ000505,京粮控股,20201231
1,SZ000506,中润资源,20201231
1,SZ000507,珠海港,20201231
1,SZ000509,*ST华塑,20201231
1,SZ000510,新金路,20201231
1,SZ000514,渝开发,20201231
1,SZ000516,ST国医,20201231
1,SZ000517,荣安地产,20201231
1,SZ000518,四环生物,20201231
1,SZ000519,中兵红箭,20201231
1,SZ000520,长航凤凰,20201231
1,SZ000521,长虹美菱,20201231
1,SZ000523,*ST浪奇,20201231
1,SZ000524,岭南控股,20201231
1,SZ000525,ST红太阳,20201231
1,SZ000526,学大教育,20201231
1,SZ000528,柳工,20201231
1,SZ000529,广弘控股,20201231
1,SZ000530,冰山冷热,20201231
1,SZ000531,穗恒运A,20201231
1,SZ000532,华金资本,20201231
1,SZ000533,顺钠股份,20201231
1,SZ000536,华映科技,20201231
1,SZ000537,广宇发展,20201231
1,SZ000539,粤电力A,20201231
1,SZ000540,中天金融,20201231
1,SZ000541,佛山照明,20201231
1,SZ000543,皖能电力,20201231
1,SZ000544,中原环保,20201231
1,SZ000545,金浦钛业,20201231
1,SZ000546,金圆股份,20201231
1,SZ000548,湖南投资,20201231
1,SZ000550,江铃汽车,20201231
1,SZ000551,创元科技,20201231
1,SZ000553,安道麦A,20201231
1,SZ000554,泰山石油,20201231
1,SZ000555,神州信息,20201231
1,SZ000558,莱茵体育,20201231
1,SZ000559,万向钱潮,20201231
1,SZ000560,我爱我家,20201231
1,SZ000561,烽火电子,20201231
1,SZ000563,陕国投A,20201231
1,SZ000564,*ST大集,20201231
1,SZ000566,海南海药,20201231
1,SZ000570,苏常柴A,20201231
1,SZ000571,ST大洲,20201231
1,SZ000572,海马汽车,20201231
1,SZ000573,粤宏远A,20201231
1,SZ000576,甘化科工,20201231
1,SZ000582,北部湾港,20201231
1,SZ000584,哈工智能,20201231
1,SZ000585,*ST东电,20201231
1,SZ000586,汇源通信,20201231
1,SZ000587,*ST金洲,20201231
1,SZ000589,贵州轮胎,20201231
1,SZ000590,启迪药业,20201231
1,SZ000592,平潭发展,20201231
1,SZ000593,德龙汇能,20201231
1,SZ000595,宝塔实业,20201231
1,SZ000597,东北制药,20201231
1,SZ000598,兴蓉环境,20201231
1,SZ000599,青岛双星,20201231
1,SZ000600,建投能源,20201231
1,SZ000601,韶能股份,20201231
1,SZ000605,渤海股份,20201231
1,SZ000606,ST顺利,20201231
1,SZ000607,华媒控股,20201231
1,SZ000608,阳光股份,20201231
1,SZ000609,*ST中迪,20201231
1,SZ000610,西安旅游,20201231
1,SZ000611,*ST天首,20201231
1,SZ000612,焦作万方,20201231
1,SZ000613,*ST东海A,20201231
1,SZ000615,奥园美谷,20201231
1,SZ000616,ST海投,20201231
1,SZ000617,中油资本,20201231
1,SZ000619,海螺型材,20201231
1,SZ000620,新华联,20201231
1,SZ000622,恒立实业,20201231
1,SZ000623,吉林敖东,20201231
1,SZ000625,长安汽车,20201231
1,SZ000626,远大控股,20201231
1,SZ000627,天茂集团,20201231
1,SZ000628,高新发展,20201231
1,SZ000629,攀钢钒钛,20201231
1,SZ000630,铜陵有色,20201231
1,SZ000631,顺发恒业,20201231
1,SZ000632,三木集团,20201231
1,SZ000633,合金投资,20201231
1,SZ000635,英力特,20201231
1,SZ000636,风华高科,20201231
1,SZ000637,茂化实华,20201231
1,SZ000638,*ST万方,20201231
1,SZ000639,西王食品,20201231
1,SZ000652,泰达股份,20201231
1,SZ000657,中钨高新,20201231
1,SZ000659,珠海中富,20201231
1,SZ000663,永安林业,20201231
1,SZ000665,湖北广电,20201231
1,SZ000666,经纬纺机,20201231
1,SZ000667,美好置业,20201231
1,SZ000668,荣丰控股,20201231
1,SZ000669,ST金鸿,20201231
1,SZ000671,阳光城,20201231
1,SZ000673,*ST当代,20201231
1,SZ000676,智度股份,20201231
1,SZ000677,恒天海龙,20201231
1,SZ000678,襄阳轴承,20201231
1,SZ000679,大连友谊,20201231
1,SZ000680,山推股份,20201231
1,SZ000682,东方电子,20201231
1,SZ000683,远兴能源,20201231
1,SZ000685,中山公用,20201231
1,SZ000687,*ST华讯,20201231
1,SZ000691,亚太实业,20201231
1,SZ000692,惠天热电,20201231
1,SZ000695,滨海能源,20201231
1,SZ000697,炼石航空,20201231
1,SZ000698,沈阳化工,20201231
1,SZ000700,模塑科技,20201231
1,SZ000701,厦门信达,20201231
1,SZ000702,正虹科技,20201231
1,SZ000703,恒逸石化,20201231
1,SZ000705,浙江震元,20201231
1,SZ000707,*ST双环,20201231
1,SZ000708,中信特钢,20201231
1,SZ000709,河钢股份,20201231
1,SZ000710,贝瑞基因,20201231
1,SZ000711,京蓝科技,20201231
1,SZ000712,锦龙股份,20201231
1,SZ000713,丰乐种业,20201231
1,SZ000716,黑芝麻,20201231
1,SZ000717,韶钢松山,20201231
1,SZ000719,中原传媒,20201231
1,SZ000720,新能泰山,20201231
1,SZ000721,西安饮食,20201231
1,SZ000722,湖南发展,20201231
1,SZ000723,美锦能源,20201231
1,SZ000725,京东方A,20201231
1,SZ000726,鲁泰A,20201231
1,SZ000727,冠捷科技,20201231
1,SZ000729,燕京啤酒,20201231
1,SZ000731,四川美丰,20201231
1,SZ000732,泰禾集团,20201231
1,SZ000733,振华科技,20201231
1,SZ000735,罗牛山,20201231
1,SZ000736,中交地产,20201231
1,SZ000737,北方铜业,20201231
1,SZ000750,国海证券,20201231
1,SZ000751,锌业股份,20201231
1,SZ000752,*ST西发,20201231
1,SZ000753,漳州发展,20201231
1,SZ000755,山西路桥,20201231
1,SZ000756,新华制药,20201231
1,SZ000757,浩物股份,20201231
1,SZ000758,中色股份,20201231
1,SZ000759,中百集团,20201231
1,SZ000761,本钢板材,20201231
1,SZ000762,西藏矿业,20201231
1,SZ000766,通化金马,20201231
1,SZ000767,晋控电力,20201231
1,SZ000768,中航西飞,20201231
1,SZ000777,中核科技,20201231
1,SZ000778,新兴铸管,20201231
1,SZ000782,美达股份,20201231
1,SZ000783,长江证券,20201231
1,SZ000788,北大医药,20201231
1,SZ000790,华神科技,20201231
1,SZ000792,盐湖股份,20201231
1,SZ000793,华闻集团,20201231
1,SZ000795,英洛华,20201231
1,SZ000796,凯撒旅业,20201231
1,SZ000797,中国武夷,20201231
1,SZ000798,中水渔业,20201231
1,SZ000800,一汽解放,20201231
1,SZ000801,四川九洲,20201231
1,SZ000802,ST北文,20201231
1,SZ000803,北清环能,20201231
1,SZ000806,ST银河,20201231
1,SZ000807,云铝股份,20201231
1,SZ000809,铁岭新城,20201231
1,SZ000810,创维数字,20201231
1,SZ000811,冰轮环境,20201231
1,SZ000812,陕西金叶,20201231
1,SZ000813,德展健康,20201231
1,SZ000815,美利云,20201231
1,SZ000816,智慧农业,20201231
1,SZ000818,航锦科技,20201231
1,SZ000819,岳阳兴长,20201231
1,SZ000820,*ST节能,20201231
1,SZ000821,京山轻机,20201231
1,SZ000822,山东海化,20201231
1,SZ000823,超声电子,20201231
1,SZ000825,太钢不锈,20201231
1,SZ000826,启迪环境,20201231
1,SZ000829,天音控股,20201231
1,SZ000830,鲁西化工,20201231
1,SZ000831,五矿稀土,20201231
1,SZ000833,粤桂股份,20201231
1,SZ000835,*ST长动,20201231
1,SZ000836,富通信息,20201231
1,SZ000837,秦川机床,20201231
1,SZ000838,财信发展,20201231
1,SZ000839,中信国安,20201231
1,SZ000850,华茂股份,20201231
1,SZ000851,高鸿股份,20201231
1,SZ000852,石化机械,20201231
1,SZ000856,冀东装备,20201231
1,SZ000859,国风新材,20201231
1,SZ000860,顺鑫农业,20201231
1,SZ000861,海印股份,20201231
1,SZ000862,银星能源,20201231
1,SZ000863,三湘印象,20201231
1,SZ000868,安凯客车,20201231
1,SZ000875,吉电股份,20201231
1,SZ000876,新希望,20201231
1,SZ000878,云南铜业,20201231
1,SZ000880,潍柴重机,20201231
1,SZ000881,中广核技,20201231
1,SZ000882,华联股份,20201231
1,SZ000883,湖北能源,20201231
1,SZ000885,城发环境,20201231
1,SZ000886,海南高速,20201231
1,SZ000887,中鼎股份,20201231
1,SZ000888,峨眉山A,20201231
1,SZ000889,中嘉博创,20201231
1,SZ000890,法尔胜,20201231
1,SZ000892,欢瑞世纪,20201231
1,SZ000895,双汇发展,20201231
1,SZ000898,鞍钢股份,20201231
1,SZ000899,赣能股份,20201231
1,SZ000900,现代投资,20201231
1,SZ000901,航天科技,20201231
1,SZ000902,新洋丰,20201231
1,SZ000903,云内动力,20201231
1,SZ000905,厦门港务,20201231
1,SZ000906,浙商中拓,20201231
1,SZ000908,景峰医药,20201231
1,SZ000909,数源科技,20201231
1,SZ000910,大亚圣象,20201231
1,SZ000911,南宁糖业,20201231
1,SZ000912,泸天化,20201231
1,SZ000913,钱江摩托,20201231
1,SZ000917,电广传媒,20201231
1,SZ000918,嘉凯城,20201231
1,SZ000919,金陵药业,20201231
1,SZ000920,沃顿科技,20201231
1,SZ000921,海信家电,20201231
1,SZ000925,众合科技,20201231
1,SZ000926,福星股份,20201231
1,SZ000927,中国铁物,20201231
1,SZ000928,中钢国际,20201231
1,SZ000929,兰州黄河,20201231
1,SZ000930,中粮科技,20201231
1,SZ000931,中关村,20201231
1,SZ000932,华菱钢铁,20201231
1,SZ000933,神火股份,20201231
1,SZ000936,华西股份,20201231
1,SZ000937,冀中能源,20201231
1,SZ000938,紫光股份,20201231
1,SZ000948,南天信息,20201231
1,SZ000949,新乡化纤,20201231
1,SZ000950,重药控股,20201231
1,SZ000951,中国重汽,20201231
1,SZ000953,河化股份,20201231
1,SZ000957,中通客车,20201231
1,SZ000958,东方能源,20201231
1,SZ000959,首钢股份,20201231
1,SZ000960,锡业股份,20201231
1,SZ000961,中南建设,20201231
1,SZ000962,东方钽业,20201231
1,SZ000963,华东医药,20201231
1,SZ000965,天保基建,20201231
1,SZ000966,长源电力,20201231
1,SZ000967,盈峰环境,20201231
1,SZ000968,蓝焰控股,20201231
1,SZ000969,安泰科技,20201231
1,SZ000970,中科三环,20201231
1,SZ000971,ST高升,20201231
1,SZ000972,*ST中基,20201231
1,SZ000973,佛塑科技,20201231
1,SZ000977,浪潮信息,20201231
1,SZ000978,桂林旅游,20201231
1,SZ000980,*ST众泰,20201231
1,SZ000981,*ST银亿,20201231
1,SZ000982,中银绒业,20201231
1,SZ000983,山西焦煤,20201231
1,SZ000985,大庆华科,20201231
1,SZ000987,越秀金控,20201231
1,SZ000988,华工科技,20201231
1,SZ000989,九芝堂,20201231
1,SZ000990,诚志股份,20201231
1,SZ000993,闽东电力,20201231
1,SZ000995,皇台酒业,20201231
1,SZ000996,中国中期,20201231
1,SZ000997,新大陆,20201231
1,SZ000998,隆平高科,20201231
1,SZ001696,宗申动力,20201231
1,SZ001872,招商港口,20201231
1,SZ001896,豫能控股,20201231
1,SZ001914,招商积余,20201231
1,SZ001965,招商公路,20201231
1,SZ002002,鸿达兴业,20201231
1,SZ002004,华邦健康,20201231
1,SZ002005,ST德豪,20201231
1,SZ002006,精功科技,20201231
1,SZ002008,大族激光,20201231
1,SZ002009,天奇股份,20201231
1,SZ002010,传化智联,20201231
1,SZ002011,盾安环境,20201231
1,SZ002013,中航机电,20201231
1,SZ002015,协鑫能科,20201231
1,SZ002017,东信和平,20201231
1,SZ002021,ST中捷,20201231
1,SZ002023,海特高新,20201231
1,SZ002024,苏宁易购,20201231
1,SZ002029,七匹狼,20201231
1,SZ002031,巨轮智能,20201231
1,SZ002032,苏泊尔,20201231
1,SZ002035,华帝股份,20201231
1,SZ002036,联创电子,20201231
1,SZ002037,保利联合,20201231
1,SZ002039,黔源电力,20201231
1,SZ002040,南京港,20201231
1,SZ002041,登海种业,20201231
1,SZ002042,华孚时尚,20201231
1,SZ002043,兔宝宝,20201231
1,SZ002044,美年健康,20201231
1,SZ002045,国光电器,20201231
1,SZ002046,国机精工,20201231
1,SZ002047,宝鹰股份,20201231
1,SZ002048,宁波华翔,20201231
1,SZ002051,中工国际,20201231
1,SZ002052,ST同洲,20201231
1,SZ002054,德美化工,20201231
1,SZ002055,得润电子,20201231
1,SZ002058,*ST威尔,20201231
1,SZ002059,云南旅游,20201231
1,SZ002060,粤水电,20201231
1,SZ002061,浙江交科,20201231
1,SZ002062,宏润建设,20201231
1,SZ002065,东华软件,20201231
1,SZ002066,瑞泰科技,20201231
1,SZ002067,景兴纸业,20201231
1,SZ002068,黑猫股份,20201231
1,SZ002069,獐子岛,20201231
1,SZ002072,*ST凯瑞,20201231
1,SZ002073,软控股份,20201231
1,SZ002074,国轩高科,20201231
1,SZ002075,沙钢股份,20201231
1,SZ002076,ST雪莱,20201231
1,SZ002078,太阳纸业,20201231
1,SZ002079,苏州固锝,20201231
1,SZ002081,金螳螂,20201231
1,SZ002082,万邦德,20201231
1,SZ002083,孚日股份,20201231
1,SZ002084,海鸥住工,20201231
1,SZ002085,万丰奥威,20201231
1,SZ002086,ST东洋,20201231
1,SZ002087,新野纺织,20201231
1,SZ002089,ST新海,20201231
1,SZ002090,金智科技,20201231
1,SZ002091,江苏国泰,20201231
1,SZ002092,中泰化学,20201231
1,SZ002093,国脉科技,20201231
1,SZ002094,青岛金王,20201231
1,SZ002095,生意宝,20201231
1,SZ002096,南岭民爆,20201231
1,SZ002097,山河智能,20201231
1,SZ002098,浔兴股份,20201231
1,SZ002100,天康生物,20201231
1,SZ002101,广东鸿图,20201231
1,SZ002102,ST冠福,20201231
1,SZ002103,广博股份,20201231
1,SZ002104,恒宝股份,20201231
1,SZ002105,信隆健康,20201231
1,SZ002106,莱宝高科,20201231
1,SZ002110,三钢闽光,20201231
1,SZ002112,三变科技,20201231
1,SZ002113,ST天润,20201231
1,SZ002114,罗平锌电,20201231
1,SZ002115,三维通信,20201231
1,SZ002116,中国海诚,20201231
1,SZ002118,紫鑫药业,20201231
1,SZ002119,康强电子,20201231
1,SZ002120,韵达股份,20201231
1,SZ002121,科陆电子,20201231
1,SZ002123,梦网科技,20201231
1,SZ002125,湘潭电化,20201231
1,SZ002126,银轮股份,20201231
1,SZ002128,电投能源,20201231
1,SZ002129,中环股份,20201231
1,SZ002132,恒星科技,20201231
1,SZ002133,广宇集团,20201231
1,SZ002134,天津普林,20201231
1,SZ002135,东南网架,20201231
1,SZ002136,安纳达,20201231
1,SZ002137,实益达,20201231
1,SZ002139,拓邦股份,20201231
1,SZ002140,东华科技,20201231
1,SZ002141,贤丰控股,20201231
1,SZ002144,宏达高科,20201231
1,SZ002147,*ST新光,20201231
1,SZ002148,北纬科技,20201231
1,SZ002149,西部材料,20201231
1,SZ002151,北斗星通,20201231
1,SZ002153,石基信息,20201231
1,SZ002155,湖南黄金,20201231
1,SZ002156,通富微电,20201231
1,SZ002159,三特索道,20201231
1,SZ002160,常铝股份,20201231
1,SZ002161,远望谷,20201231
1,SZ002162,悦心健康,20201231
1,SZ002163,海南发展,20201231
1,SZ002164,宁波东力,20201231
1,SZ002165,红宝丽,20201231
1,SZ002167,东方锆业,20201231
1,SZ002168,惠程科技,20201231
1,SZ002170,芭田股份,20201231
1,SZ002171,楚江新材,20201231
1,SZ002172,澳洋健康,20201231
1,SZ002173,创新医疗,20201231
1,SZ002174,游族网络,20201231
1,SZ002175,*ST东网,20201231
1,SZ002176,江特电机,20201231
1,SZ002178,延华智能,20201231
1,SZ002180,纳思达,20201231
1,SZ002181,粤传媒,20201231
1,SZ002182,云海金属,20201231
1,SZ002183,怡亚通,20201231
1,SZ002184,海得控制,20201231
1,SZ002185,华天科技,20201231
1,SZ002186,全聚德,20201231
1,SZ002187,广百股份,20201231
1,SZ002188,*ST巴士,20201231
1,SZ002189,中光学,20201231
1,SZ002192,融捷股份,20201231
1,SZ002193,如意集团,20201231
1,SZ002195,二三四五,20201231
1,SZ002196,方正电机,20201231
1,SZ002197,证通电子,20201231
1,SZ002198,嘉应制药,20201231
1,SZ002199,东晶电子,20201231
1,SZ002200,ST云投,20201231
1,SZ002201,正威新材,20201231
1,SZ002202,金风科技,20201231
1,SZ002203,海亮股份,20201231
1,SZ002204,大连重工,20201231
1,SZ002205,国统股份,20201231
1,SZ002206,海利得,20201231
1,SZ002207,准油股份,20201231
1,SZ002209,达意隆,20201231
1,SZ002210,飞马国际,20201231
1,SZ002211,宏达新材,20201231
1,SZ002212,天融信,20201231
1,SZ002213,大为股份,20201231
1,SZ002215,诺普信,20201231
1,SZ002217,合力泰,20201231
1,SZ002219,*ST恒康,20201231
1,SZ002221,东华能源,20201231
1,SZ002225,濮耐股份,20201231
1,SZ002227,奥特迅,20201231
1,SZ002228,合兴包装,20201231
1,SZ002229,鸿博股份,20201231
1,SZ002231,奥维通信,20201231
1,SZ002232,启明信息,20201231
1,SZ002234,民和股份,20201231
1,SZ002235,安妮股份,20201231
1,SZ002236,大华股份,20201231
1,SZ002237,恒邦股份,20201231
1,SZ002238,天威视讯,20201231
1,SZ002239,奥特佳,20201231
1,SZ002240,盛新锂能,20201231
1,SZ002241,歌尔股份,20201231
1,SZ002242,九阳股份,20201231
1,SZ002243,力合科创,20201231
1,SZ002244,滨江集团,20201231
1,SZ002245,蔚蓝锂芯,20201231
1,SZ002246,北化股份,20201231
1,SZ002247,聚力文化,20201231
1,SZ002248,华东数控,20201231
1,SZ002249,大洋电机,20201231
1,SZ002250,联化科技,20201231
1,SZ002251,步步高,20201231
1,SZ002256,兆新股份,20201231
1,SZ002259,ST升达,20201231
1,SZ002261,拓维信息,20201231
1,SZ002264,新华都,20201231
1,SZ002265,西仪股份,20201231
1,SZ002266,浙富控股,20201231
1,SZ002267,陕天然气,20201231
1,SZ002268,卫士通,20201231
1,SZ002269,美邦服饰,20201231
1,SZ002272,川润股份,20201231
1,SZ002274,华昌化工,20201231
1,SZ002276,万马股份,20201231
1,SZ002277,友阿股份,20201231
1,SZ002278,神开股份,20201231
1,SZ002279,久其软件,20201231
1,SZ002280,联络互动,20201231
1,SZ002281,光迅科技,20201231
1,SZ002284,亚太股份,20201231
1,SZ002285,世联行,20201231
1,SZ002286,保龄宝,20201231
1,SZ002288,超华科技,20201231
1,SZ002289,宇顺电子,20201231
1,SZ002290,禾盛新材,20201231
1,SZ002291,星期六,20201231
1,SZ002292,奥飞娱乐,20201231
1,SZ002294,信立泰,20201231
1,SZ002295,精艺股份,20201231
1,SZ002297,博云新材,20201231
1,SZ002299,圣农发展,20201231
1,SZ002300,太阳电缆,20201231
1,SZ002301,齐心集团,20201231
1,SZ002302,西部建设,20201231
1,SZ002303,美盈森,20201231
1,SZ002305,南国置业,20201231
1,SZ002306,中科云网,20201231
1,SZ002307,北新路桥,20201231
1,SZ002308,威创股份,20201231
1,SZ002309,中利集团,20201231
1,SZ002310,东方园林,20201231
1,SZ002311,海大集团,20201231
1,SZ002312,川发龙蟒,20201231
1,SZ002313,日海智能,20201231
1,SZ002314,南山控股,20201231
1,SZ002316,亚联发展,20201231
1,SZ002317,众生药业,20201231
1,SZ002319,乐通股份,20201231
1,SZ002321,*ST华英,20201231
1,SZ002323,*ST雅博,20201231
1,SZ002324,普利特,20201231
1,SZ002325,洪涛股份,20201231
1,SZ002326,永太科技,20201231
1,SZ002328,新朋股份,20201231
1,SZ002329,皇氏集团,20201231
1,SZ002330,得利斯,20201231
1,SZ002331,皖通科技,20201231
1,SZ002333,罗普斯金,20201231
1,SZ002334,英威腾,20201231
1,SZ002335,科华数据,20201231
1,SZ002336,人人乐,20201231
1,SZ002337,赛象科技,20201231
1,SZ002339,积成电子,20201231
1,SZ002340,格林美,20201231
1,SZ002341,新纶新材,20201231
1,SZ002342,巨力索具,20201231
1,SZ002343,慈文传媒,20201231
1,SZ002345,潮宏基,20201231
1,SZ002347,泰尔股份,20201231
1,SZ002348,高乐股份,20201231
1,SZ002349,精华制药,20201231
1,SZ002350,北京科锐,20201231
1,SZ002352,顺丰控股,20201231
1,SZ002354,天娱数科,20201231
1,SZ002355,兴民智通,20201231
1,SZ002356,*ST赫美,20201231
1,SZ002357,富临运业,20201231
1,SZ002358,ST森源,20201231
1,SZ002361,神剑股份,20201231
1,SZ002363,隆基机械,20201231
1,SZ002364,中恒电气,20201231
1,SZ002366,台海核电,20201231
1,SZ002368,太极股份,20201231
1,SZ002369,卓翼科技,20201231
1,SZ002370,亚太药业,20201231
1,SZ002374,中锐股份,20201231
1,SZ002375,亚厦股份,20201231
1,SZ002377,国创高新,20201231
1,SZ002378,章源钨业,20201231
1,SZ002379,宏创控股,20201231
1,SZ002383,合众思壮,20201231
1,SZ002384,东山精密,20201231
1,SZ002386,天原股份,20201231
1,SZ002387,维信诺,20201231
1,SZ002388,新亚制程,20201231
1,SZ002390,信邦制药,20201231
1,SZ002391,长青股份,20201231
1,SZ002393,力生制药,20201231
1,SZ002395,双象股份,20201231
1,SZ002396,星网锐捷,20201231
1,SZ002397,梦洁股份,20201231
1,SZ002398,垒知集团,20201231
1,SZ002400,省广集团,20201231
1,SZ002402,和而泰,20201231
1,SZ002403,爱仕达,20201231
1,SZ002404,嘉欣丝绸,20201231
1,SZ002405,四维图新,20201231
1,SZ002407,多氟多,20201231
1,SZ002408,齐翔腾达,20201231
1,SZ002410,广联达,20201231
1,SZ002411,延安必康,20201231
1,SZ002413,雷科防务,20201231
1,SZ002414,高德红外,20201231
1,SZ002416,爱施德,20201231
1,SZ002417,深南股份,20201231
1,SZ002418,康盛股份,20201231
1,SZ002419,天虹股份,20201231
1,SZ002420,毅昌科技,20201231
1,SZ002421,达实智能,20201231
1,SZ002422,科伦药业,20201231
1,SZ002423,中粮资本,20201231
1,SZ002424,贵州百灵,20201231
1,SZ002426,胜利精密,20201231
1,SZ002427,ST尤夫,20201231
1,SZ002428,云南锗业,20201231
1,SZ002429,兆驰股份,20201231
1,SZ002430,杭氧股份,20201231
1,SZ002431,棕榈股份,20201231
1,SZ002433,太安堂,20201231
1,SZ002435,长江健康,20201231
1,SZ002437,誉衡药业,20201231
1,SZ002439,启明星辰,20201231
1,SZ002441,众业达,20201231
1,SZ002442,龙星化工,20201231
1,SZ002445,中南文化,20201231
1,SZ002446,盛路通信,20201231
1,SZ002447,*ST晨鑫,20201231
1,SZ002448,中原内配,20201231
1,SZ002449,国星光电,20201231
1,SZ002451,摩恩电气,20201231
1,SZ002453,华软科技,20201231
1,SZ002454,松芝股份,20201231
1,SZ002455,百川股份,20201231
1,SZ002456,欧菲光,20201231
1,SZ002457,青龙管业,20201231
1,SZ002458,益生股份,20201231
1,SZ002459,晶澳科技,20201231
1,SZ002462,嘉事堂,20201231
1,SZ002464,*ST众应,20201231
1,SZ002466,天齐锂业,20201231
1,SZ002468,申通快递,20201231
1,SZ002470,ST金正,20201231
1,SZ002471,中超控股,20201231
1,SZ002472,双环传动,20201231
1,SZ002473,*ST圣莱,20201231
1,SZ002474,榕基软件,20201231
1,SZ002475,立讯精密,20201231
1,SZ002476,宝莫股份,20201231
1,SZ002478,常宝股份,20201231
1,SZ002479,富春环保,20201231
1,SZ002480,新筑股份,20201231
1,SZ002482,广田集团,20201231
1,SZ002483,润邦股份,20201231
1,SZ002485,雪松发展,20201231
1,SZ002486,嘉麟杰,20201231
1,SZ002488,金固股份,20201231
1,SZ002490,山东墨龙,20201231
1,SZ002491,通鼎互联,20201231
1,SZ002493,荣盛石化,20201231
1,SZ002494,华斯股份,20201231
1,SZ002495,佳隆股份,20201231
1,SZ002496,ST辉丰,20201231
1,SZ002498,汉缆股份,20201231
1,SZ002499,*ST科林,20201231
1,SZ002500,山西证券,20201231
1,SZ002501,*ST利源,20201231
1,SZ002502,鼎龙文化,20201231
1,SZ002503,搜于特,20201231
1,SZ002504,ST弘高,20201231
1,SZ002505,鹏都农牧,20201231
1,SZ002506,协鑫集成,20201231
1,SZ002510,天汽模,20201231
1,SZ002512,达华智能,20201231
1,SZ002513,蓝丰生化,20201231
1,SZ002514,宝馨科技,20201231
1,SZ002515,金字火腿,20201231
1,SZ002520,日发精机,20201231
1,SZ002521,齐峰新材,20201231
1,SZ002522,浙江众成,20201231
1,SZ002523,天桥起重,20201231
1,SZ002524,光正眼科,20201231
1,SZ002526,山东矿机,20201231
1,SZ002527,新时达,20201231
1,SZ002528,英飞拓,20201231
1,SZ002529,海源复材,20201231
1,SZ002530,金财互联,20201231
1,SZ002532,天山铝业,20201231
1,SZ002533,金杯电工,20201231
1,SZ002535,ST林重,20201231
1,SZ002536,飞龙股份,20201231
1,SZ002537,海联金汇,20201231
1,SZ002538,司尔特,20201231
1,SZ002539,云图控股,20201231
1,SZ002540,亚太科技,20201231
1,SZ002541,鸿路钢构,20201231
1,SZ002542,中化岩土,20201231
1,SZ002543,万和电气,20201231
1,SZ002544,杰赛科技,20201231
1,SZ002547,春兴精工,20201231
1,SZ002548,金新农,20201231
1,SZ002550,千红制药,20201231
1,SZ002551,尚荣医疗,20201231
1,SZ002552,宝鼎科技,20201231
1,SZ002554,惠博普,20201231
1,SZ002556,辉隆股份,20201231
1,SZ002559,亚威股份,20201231
1,SZ002560,通达股份,20201231
1,SZ002562,兄弟科技,20201231
1,SZ002563,森马服饰,20201231
1,SZ002564,天沃科技,20201231
1,SZ002565,顺灏股份,20201231
1,SZ002567,唐人神,20201231
1,SZ002569,ST步森,20201231
1,SZ002570,贝因美,20201231
1,SZ002571,德力股份,20201231
1,SZ002573,清新环境,20201231
1,SZ002574,明牌珠宝,20201231
1,SZ002576,通达动力,20201231
1,SZ002577,雷柏科技,20201231
1,SZ002578,闽发铝业,20201231
1,SZ002579,中京电子,20201231
1,SZ002580,圣阳股份,20201231
1,SZ002581,未名医药,20201231
1,SZ002582,好想你,20201231
1,SZ002583,海能达,20201231
1,SZ002584,西陇科学,20201231
1,SZ002586,*ST围海,20201231
1,SZ002587,奥拓电子,20201231
1,SZ002588,史丹利,20201231
1,SZ002589,瑞康医药,20201231
1,SZ002590,万安科技,20201231
1,SZ002591,恒大高新,20201231
1,SZ002592,ST八菱,20201231
1,SZ002593,日上集团,20201231
1,SZ002594,比亚迪,20201231
1,SZ002595,豪迈科技,20201231
1,SZ002596,海南瑞泽,20201231
1,SZ002598,山东章鼓,20201231
1,SZ002599,盛通股份,20201231
1,SZ002600,领益智造,20201231
1,SZ002601,龙佰集团,20201231
1,SZ002607,中公教育,20201231
1,SZ002608,江苏国信,20201231
1,SZ002610,爱康科技,20201231
1,SZ002612,朗姿股份,20201231
1,SZ002613,北玻股份,20201231
1,SZ002614,奥佳华,20201231
1,SZ002615,哈尔斯,20201231
1,SZ002617,露笑科技,20201231
1,SZ002618,*ST丹邦,20201231
1,SZ002619,*ST艾格,20201231
1,SZ002620,瑞和股份,20201231
1,SZ002621,美吉姆,20201231
1,SZ002622,融钰集团,20201231
1,SZ002623,亚玛顿,20201231
1,SZ002627,三峡旅游,20201231
1,SZ002628,成都路桥,20201231
1,SZ002629,仁智股份,20201231
1,SZ002630,华西能源,20201231
1,SZ002631,德尔未来,20201231
1,SZ002633,申科股份,20201231
1,SZ002634,棒杰股份,20201231
1,SZ002635,安洁科技,20201231
1,SZ002636,金安国纪,20201231
1,SZ002637,赞宇科技,20201231
1,SZ002638,勤上股份,20201231
1,SZ002639,雪人股份,20201231
1,SZ002640,*ST跨境,20201231
1,SZ002642,荣联科技,20201231
1,SZ002645,华宏科技,20201231
1,SZ002646,天佑德酒,20201231
1,SZ002647,仁东控股,20201231
1,SZ002648,卫星化学,20201231
1,SZ002649,博彦科技,20201231
1,SZ002650,加加食品,20201231
1,SZ002652,扬子新材,20201231
1,SZ002654,万润科技,20201231
1,SZ002655,共达电声,20201231
1,SZ002656,ST摩登,20201231
1,SZ002657,中科金财,20201231
1,SZ002659,凯文教育,20201231
1,SZ002660,茂硕电源,20201231
1,SZ002661,克明食品,20201231
1,SZ002662,京威股份,20201231
1,SZ002663,普邦股份,20201231
1,SZ002664,长鹰信质,20201231
1,SZ002665,首航高科,20201231
1,SZ002666,德联集团,20201231
1,SZ002667,鞍重股份,20201231
1,SZ002668,ST奥马,20201231
1,SZ002669,康达新材,20201231
1,SZ002670,国盛金控,20201231
1,SZ002671,龙泉股份,20201231
1,SZ002672,东江环保,20201231
1,SZ002673,西部证券,20201231
1,SZ002674,兴业科技,20201231
1,SZ002676,顺威股份,20201231
1,SZ002678,珠江钢琴,20201231
1,SZ002679,福建金森,20201231
1,SZ002682,龙洲股份,20201231
1,SZ002683,广东宏大,20201231
1,SZ002684,*ST猛狮,20201231
1,SZ002685,华东重机,20201231
1,SZ002686,亿利达,20201231
1,SZ002688,金河生物,20201231
1,SZ002689,远大智能,20201231
1,SZ002691,冀凯股份,20201231
1,SZ002692,ST远程,20201231
1,SZ002693,双成药业,20201231
1,SZ002694,顾地科技,20201231
1,SZ002696,百洋股份,20201231
1,SZ002697,红旗连锁,20201231
1,SZ002699,美盛文化,20201231
1,SZ002700,ST浩源,20201231
1,SZ002701,奥瑞金,20201231
1,SZ002702,海欣食品,20201231
1,SZ002703,浙江世宝,20201231
1,SZ002705,新宝股份,20201231
1,SZ002707,众信旅游,20201231
1,SZ002708,光洋股份,20201231
1,SZ002712,思美传媒,20201231
1,SZ002713,东易日盛,20201231
1,SZ002714,牧原股份,20201231
1,SZ002715,登云股份,20201231
1,SZ002716,金贵银业,20201231
1,SZ002717,岭南股份,20201231
1,SZ002719,麦趣尔,20201231
1,SZ002721,金一文化,20201231
1,SZ002722,金轮股份,20201231
1,SZ002723,金莱特,20201231
1,SZ002725,跃岭股份,20201231
1,SZ002726,龙大美食,20201231
1,SZ002727,一心堂,20201231
1,SZ002728,特一药业,20201231
1,SZ002729,好利科技,20201231
1,SZ002730,电光科技,20201231
1,SZ002731,萃华珠宝,20201231
1,SZ002732,燕塘乳业,20201231
1,SZ002733,雄韬股份,20201231
1,SZ002734,利民股份,20201231
1,SZ002735,王子新材,20201231
1,SZ002736,国信证券,20201231
1,SZ002739,万达电影,20201231
1,SZ002740,爱迪尔,20201231
1,SZ002741,光华科技,20201231
1,SZ002742,三圣股份,20201231
1,SZ002743,富煌钢构,20201231
1,SZ002745,木林森,20201231
1,SZ002747,埃斯顿,20201231
1,SZ002748,世龙实业,20201231
1,SZ002750,龙津药业,20201231
1,SZ002751,易尚展示,20201231
1,SZ002752,昇兴股份,20201231
1,SZ002753,永东股份,20201231
1,SZ002756,永兴材料,20201231
1,SZ002758,浙农股份,20201231
1,SZ002759,天际股份,20201231
1,SZ002761,浙江建投,20201231
1,SZ002763,汇洁股份,20201231
1,SZ002765,蓝黛科技,20201231
1,SZ002766,*ST索菱,20201231
1,SZ002767,先锋电子,20201231
1,SZ002769,普路通,20201231
1,SZ002770,*ST科迪,20201231
1,SZ002771,真视通,20201231
1,SZ002773,康弘药业,20201231
1,SZ002774,快意电梯,20201231
1,SZ002775,文科园林,20201231
1,SZ002776,ST柏龙,20201231
1,SZ002779,中坚科技,20201231
1,SZ002780,三夫户外,20201231
1,SZ002781,奇信股份,20201231
1,SZ002783,凯龙股份,20201231
1,SZ002785,万里石,20201231
1,SZ002786,银宝山新,20201231
1,SZ002787,华源控股,20201231
1,SZ002788,鹭燕医药,20201231
1,SZ002789,建艺集团,20201231
1,SZ002790,瑞尔特,20201231
1,SZ002792,通宇通讯,20201231
1,SZ002793,罗欣药业,20201231
1,SZ002795,永和智控,20201231
1,SZ002796,世嘉科技,20201231
1,SZ002797,第一创业,20201231
1,SZ002798,帝欧家居,20201231
1,SZ002799,环球印务,20201231
1,SZ002800,天顺股份,20201231
1,SZ002805,丰元股份,20201231
1,SZ002806,华锋股份,20201231
1,SZ002808,恒久科技,20201231
1,SZ002809,红墙股份,20201231
1,SZ002811,郑中设计,20201231
1,SZ002813,路畅科技,20201231
1,SZ002816,和科达,20201231
1,SZ002819,东方中科,20201231
1,SZ002820,桂发祥,20201231
1,SZ002822,中装建设,20201231
1,SZ002823,凯中精密,20201231
1,SZ002824,和胜股份,20201231
1,SZ002825,纳尔股份,20201231
1,SZ002826,易明医药,20201231
1,SZ002827,高争民爆,20201231
1,SZ002828,贝肯能源,20201231
1,SZ002830,名雕股份,20201231
1,SZ002831,裕同科技,20201231
1,SZ002835,同为股份,20201231
1,SZ002836,新宏泽,20201231
1,SZ002840,华统股份,20201231
1,SZ002842,翔鹭钨业,20201231
1,SZ002845,同兴达,20201231
1,SZ002846,英联股份,20201231
1,SZ002847,盐津铺子,20201231
1,SZ002848,高斯贝尔,20201231
1,SZ002849,威星智能,20201231
1,SZ002850,科达利,20201231
1,SZ002852,道道全,20201231
1,SZ002855,捷荣技术,20201231
1,SZ002856,美芝股份,20201231
1,SZ002858,力盛赛车,20201231
1,SZ002861,瀛通通讯,20201231
1,SZ002862,实丰文化,20201231
1,SZ002863,今飞凯达,20201231
1,SZ002865,钧达股份,20201231
1,SZ002866,传艺科技,20201231
1,SZ002869,金溢科技,20201231
1,SZ002870,香山股份,20201231
1,SZ002872,ST天圣,20201231
1,SZ002873,新天药业,20201231
1,SZ002875,安奈儿,20201231
1,SZ002876,三利谱,20201231
1,SZ002877,智能自控,20201231
1,SZ002878,元隆雅图,20201231
1,SZ002881,美格智能,20201231
1,SZ002882,金龙羽,20201231
1,SZ002885,京泉华,20201231
1,SZ002886,沃特股份,20201231
1,SZ002889,东方嘉盛,20201231
1,SZ002890,弘宇股份,20201231
1,SZ002891,中宠股份,20201231
1,SZ002892,科力尔,20201231
1,SZ002893,华通热力,20201231
1,SZ002895,川恒股份,20201231
1,SZ002896,中大力德,20201231
1,SZ002897,意华股份,20201231
1,SZ002898,赛隆药业,20201231
1,SZ002899,英派斯,20201231
1,SZ002900,哈三联,20201231
1,SZ002902,铭普光磁,20201231
1,SZ002905,金逸影视,20201231
1,SZ002906,华阳集团,20201231
1,SZ002908,德生科技,20201231
1,SZ002909,集泰股份,20201231
1,SZ002910,庄园牧场,20201231
1,SZ002911,佛燃能源,20201231
1,SZ002920,德赛西威,20201231
1,SZ002921,联诚精密,20201231
1,SZ002922,伊戈尔,20201231
1,SZ002926,华西证券,20201231
1,SZ002927,泰永长征,20201231
1,SZ002928,华夏航空,20201231
1,SZ002929,润建股份,20201231
1,SZ002936,郑州银行,20201231
1,SZ002938,鹏鼎控股,20201231
1,SZ002939,长城证券,20201231
1,SZ002941,新疆交建,20201231
1,SZ002943,宇晶股份,20201231
1,SZ002946,新乳业,20201231
1,SZ002953,日丰股份,20201231
1,SZ002955,鸿合科技,20201231
1,SZ002961,瑞达期货,20201231
1,SZ002963,豪尔赛,20201231
1,SZ002965,祥鑫科技,20201231
1,SZ002969,嘉美包装,20201231
1,SZ002981,朝阳科技,20201231
1,SZ002982,湘佳股份,20201231
1,SZ002985,北摩高科,20201231
1,SZ002986,宇新股份,20201231
1,SZ002988,豪美新材,20201231
1,SZ002989,中天精装,20201231
1,SZ002992,宝明科技,20201231
1,SZ002995,天地在线,20201231
1,SZ002996,顺博合金,20201231
1,SZ002998,优彩资源,20201231
1,SZ002999,天禾股份,20201231
1,SZ003001,中岩大地,20201231
1,SZ003003,天元股份,20201231
1,SZ003010,若羽臣,20201231
1,SZ003016,欣贺股份,20201231
1,SZ003019,宸展光电,20201231
1,SZ003020,立方制药,20201231
1,SZ003816,中国广核,20201231
1,SZ300001,特锐德,20201231
1,SZ300002,神州泰岳,20201231
1,SZ300004,南风股份,20201231
1,SZ300005,探路者,20201231
1,SZ300006,莱美药业,20201231
1,SZ300008,天海防务,20201231
1,SZ300010,豆神教育,20201231
1,SZ300011,鼎汉技术,20201231
1,SZ300013,新宁物流,20201231
1,SZ300017,网宿科技,20201231
1,SZ300020,银江技术,20201231
1,SZ300021,大禹节水,20201231
1,SZ300022,吉峰科技,20201231
1,SZ300023,*ST宝德,20201231
1,SZ300024,机器人,20201231
1,SZ300025,华星创业,20201231
1,SZ300026,红日药业,20201231
1,SZ300027,华谊兄弟,20201231
1,SZ300029,*ST天龙,20201231
1,SZ300032,金龙机电,20201231
1,SZ300038,*ST数知,20201231
1,SZ300040,九洲集团,20201231
1,SZ300042,朗科科技,20201231
1,SZ300043,星辉娱乐,20201231
1,SZ300044,*ST赛为,20201231
1,SZ300045,华力创通,20201231
1,SZ300046,台基股份,20201231
1,SZ300047,天源迪科,20201231
1,SZ300048,合康新能,20201231
1,SZ300050,世纪鼎利,20201231
1,SZ300051,ST三五,20201231
1,SZ300052,中青宝,20201231
1,SZ300054,鼎龙股份,20201231
1,SZ300055,万邦达,20201231
1,SZ300056,中创环保,20201231
1,SZ300057,万顺新材,20201231
1,SZ300058,蓝色光标,20201231
1,SZ300061,旗天科技,20201231
1,SZ300062,中能电气,20201231
1,SZ300063,天龙集团,20201231
1,SZ300064,*ST金刚,20201231
1,SZ300065,海兰信,20201231
1,SZ300068,南都电源,20201231
1,SZ300069,金利华电,20201231
1,SZ300070,碧水源,20201231
1,SZ300071,*ST嘉信,20201231
1,SZ300072,三聚环保,20201231
1,SZ300074,华平股份,20201231
1,SZ300075,数字政通,20201231
1,SZ300076,GQY视讯,20201231
1,SZ300077,国民技术,20201231
1,SZ300078,思创医惠,20201231
1,SZ300079,数码视讯,20201231
1,SZ300080,易成新能,20201231
1,SZ300081,恒信东方,20201231
1,SZ300082,奥克股份,20201231
1,SZ300083,创世纪,20201231
1,SZ300084,海默科技,20201231
1,SZ300085,银之杰,20201231
1,SZ300086,康芝药业,20201231
1,SZ300087,荃银高科,20201231
1,SZ300089,ST文化,20201231
1,SZ300091,金通灵,20201231
1,SZ300092,科新机电,20201231
1,SZ300093,金刚玻璃,20201231
1,SZ300094,国联水产,20201231
1,SZ300096,易联众,20201231
1,SZ300097,智云股份,20201231
1,SZ300098,高新兴,20201231
1,SZ300100,双林股份,20201231
1,SZ300102,乾照光电,20201231
1,SZ300103,达刚控股,20201231
1,SZ300105,龙源技术,20201231
1,SZ300106,西部牧业,20201231
1,SZ300107,建新股份,20201231
1,SZ300108,吉药控股,20201231
1,SZ300109,新开源,20201231
1,SZ300110,华仁药业,20201231
1,SZ300113,顺网科技,20201231
1,SZ300115,长盈精密,20201231
1,SZ300116,保力新,20201231
1,SZ300117,嘉寓股份,20201231
1,SZ300118,东方日升,20201231
1,SZ300120,经纬辉开,20201231
1,SZ300121,阳谷华泰,20201231
1,SZ300122,智飞生物,20201231
1,SZ300123,亚光科技,20201231
1,SZ300125,聆达股份,20201231
1,SZ300126,锐奇股份,20201231
1,SZ300128,锦富技术,20201231
1,SZ300129,泰胜风能,20201231
1,SZ300130,新国都,20201231
1,SZ300131,英唐智控,20201231
1,SZ300134,大富科技,20201231
1,SZ300135,宝利国际,20201231
1,SZ300137,先河环保,20201231
1,SZ300138,晨光生物,20201231
1,SZ300139,晓程科技,20201231
1,SZ300140,中环装备,20201231
1,SZ300141,和顺电气,20201231
1,SZ300144,宋城演艺,20201231
1,SZ300145,中金环境,20201231
1,SZ300147,香雪制药,20201231
1,SZ300148,天舟文化,20201231
1,SZ300150,世纪瑞尔,20201231
1,SZ300152,科融环境,20201231
1,SZ300153,科泰电源,20201231
1,SZ300155,安居宝,20201231
1,SZ300157,恒泰艾普,20201231
1,SZ300158,振东制药,20201231
1,SZ300159,新研股份,20201231
1,SZ300160,秀强股份,20201231
1,SZ300161,华中数控,20201231
1,SZ300162,雷曼光电,20201231
1,SZ300163,先锋新材,20201231
1,SZ300164,通源石油,20201231
1,SZ300165,天瑞仪器,20201231
1,SZ300167,迪威迅,20201231
1,SZ300168,万达信息,20201231
1,SZ300169,天晟新材,20201231
1,SZ300170,汉得信息,20201231
1,SZ300173,福能东方,20201231
1,SZ300175,朗源股份,20201231
1,SZ300176,派生科技,20201231
1,SZ300177,中海达,20201231
1,SZ300178,*ST腾邦,20201231
1,SZ300180,华峰超纤,20201231
1,SZ300181,佐力药业,20201231
1,SZ300182,捷成股份,20201231
1,SZ300183,东软载波,20201231
1,SZ300184,力源信息,20201231
1,SZ300185,通裕重工,20201231
1,SZ300187,永清环保,20201231
1,SZ300189,神农科技,20201231
1,SZ300191,潜能恒信,20201231
1,SZ300194,福安药业,20201231
1,SZ300195,长荣股份,20201231
1,SZ300197,节能铁汉,20201231
1,SZ300198,纳川股份,20201231
1,SZ300199,翰宇药业,20201231
1,SZ300201,海伦哲,20201231
1,SZ300202,*ST聚龙,20201231
1,SZ300203,聚光科技,20201231
1,SZ300204,舒泰神,20201231
1,SZ300205,天喻信息,20201231
1,SZ300207,欣旺达,20201231
1,SZ300208,青岛中程,20201231
1,SZ300209,天泽信息,20201231
1,SZ300214,日科化学,20201231
1,SZ300215,电科院,20201231
1,SZ300217,东方电热,20201231
1,SZ300218,安利股份,20201231
1,SZ300219,鸿利智汇,20201231
1,SZ300220,金运激光,20201231
1,SZ300221,银禧科技,20201231
1,SZ300222,科大智能,20201231
1,SZ300223,北京君正,20201231
1,SZ300224,正海磁材,20201231
1,SZ300225,金力泰,20201231
1,SZ300226,上海钢联,20201231
1,SZ300228,富瑞特装,20201231
1,SZ300230,永利股份,20201231
1,SZ300231,银信科技,20201231
1,SZ300232,洲明科技,20201231
1,SZ300233,金城医药,20201231
1,SZ300237,美晨生态,20201231
1,SZ300238,冠昊生物,20201231
1,SZ300239,东宝生物,20201231
1,SZ300240,飞力达,20201231
1,SZ300241,瑞丰光电,20201231
1,SZ300242,佳云科技,20201231
1,SZ300243,瑞丰高材,20201231
1,SZ300244,迪安诊断,20201231
1,SZ300245,天玑科技,20201231
1,SZ300247,融捷健康,20201231
1,SZ300249,依米康,20201231
1,SZ300250,初灵信息,20201231
1,SZ300251,光线传媒,20201231
1,SZ300252,金信诺,20201231
1,SZ300254,仟源医药,20201231
1,SZ300255,常山药业,20201231
1,SZ300256,*ST星星,20201231
1,SZ300257,开山股份,20201231
1,SZ300260,新莱应材,20201231
1,SZ300261,雅本化学,20201231
1,SZ300262,巴安水务,20201231
1,SZ300264,佳创视讯,20201231
1,SZ300265,通光线缆,20201231
1,SZ300266,兴源环境,20201231
1,SZ300267,尔康制药,20201231
1,SZ300268,佳沃食品,20201231
1,SZ300269,ST联建,20201231
1,SZ300270,中威电子,20201231
1,SZ300271,华宇软件,20201231
1,SZ300272,开能健康,20201231
1,SZ300273,和佳医疗,20201231
1,SZ300275,梅安森,20201231
1,SZ300276,三丰智能,20201231
1,SZ300278,*ST华昌,20201231
1,SZ300279,和晶科技,20201231
1,SZ300280,紫天科技,20201231
1,SZ300281,金明精机,20201231
1,SZ300282,三盛教育,20201231
1,SZ300283,温州宏丰,20201231
1,SZ300284,苏交科,20201231
1,SZ300286,安科瑞,20201231
1,SZ300287,飞利信,20201231
1,SZ300288,朗玛信息,20201231
1,SZ300289,利德曼,20201231
1,SZ300292,吴通控股,20201231
1,SZ300293,蓝英装备,20201231
1,SZ300295,三六五网,20201231
1,SZ300296,利亚德,20201231
1,SZ300297,蓝盾股份,20201231
1,SZ300298,三诺生物,20201231
1,SZ300299,富春股份,20201231
1,SZ300300,海峡创新,20201231
1,SZ300301,长方集团,20201231
1,SZ300302,同有科技,20201231
1,SZ300307,慈星股份,20201231
1,SZ300309,吉艾科技,20201231
1,SZ300310,宜通世纪,20201231
1,SZ300311,任子行,20201231
1,SZ300312,*ST邦讯,20201231
1,SZ300313,ST天山,20201231
1,SZ300315,掌趣科技,20201231
1,SZ300317,珈伟新能,20201231
1,SZ300318,博晖创新,20201231
1,SZ300319,麦捷科技,20201231
1,SZ300320,海达股份,20201231
1,SZ300321,同大股份,20201231
1,SZ300322,硕贝德,20201231
1,SZ300323,华灿光电,20201231
1,SZ300324,旋极信息,20201231
1,SZ300325,*ST德威,20201231
1,SZ300326,凯利泰,20201231
1,SZ300328,宜安科技,20201231
1,SZ300329,海伦钢琴,20201231
1,SZ300330,华虹计通,20201231
1,SZ300331,苏大维格,20201231
1,SZ300332,天壕环境,20201231
1,SZ300333,兆日科技,20201231
1,SZ300334,津膜科技,20201231
1,SZ300335,迪森股份,20201231
1,SZ300336,新文化,20201231
1,SZ300337,银邦股份,20201231
1,SZ300338,开元教育,20201231
1,SZ300339,润和软件,20201231
1,SZ300340,科恒股份,20201231
1,SZ300343,联创股份,20201231
1,SZ300344,立方数科,20201231
1,SZ300345,华民股份,20201231
1,SZ300349,金卡智能,20201231
1,SZ300350,华鹏飞,20201231
1,SZ300352,北信源,20201231
1,SZ300353,东土科技,20201231
1,SZ300355,蒙草生态,20201231
1,SZ300356,ST光一,20201231
1,SZ300358,楚天科技,20201231
1,SZ300364,中文在线,20201231
1,SZ300365,恒华科技,20201231
1,SZ300366,创意信息,20201231
1,SZ300367,ST网力,20201231
1,SZ300368,汇金股份,20201231
1,SZ300370,ST安控,20201231
1,SZ300374,中铁装配,20201231
1,SZ300375,鹏翎股份,20201231
1,SZ300377,赢时胜,20201231
1,SZ300378,鼎捷软件,20201231
1,SZ300380,安硕信息,20201231
1,SZ300382,斯莱克,20201231
1,SZ300385,雪浪环境,20201231
1,SZ300386,飞天诚信,20201231
1,SZ300388,节能国祯,20201231
1,SZ300389,艾比森,20201231
1,SZ300391,康跃科技,20201231
1,SZ300392,腾信股份,20201231
1,SZ300393,中来股份,20201231
1,SZ300399,天利科技,20201231
1,SZ300402,宝色股份,20201231
1,SZ300404,博济医药,20201231
1,SZ300405,科隆股份,20201231
1,SZ300407,凯发电气,20201231
1,SZ300409,道氏技术,20201231
1,SZ300410,正业科技,20201231
1,SZ300411,金盾股份,20201231
1,SZ300412,迦南科技,20201231
1,SZ300414,中光防雷,20201231
1,SZ300418,昆仑万维,20201231
1,SZ300419,浩丰科技,20201231
1,SZ300420,五洋停车,20201231
1,SZ300421,力星股份,20201231
1,SZ300422,博世科,20201231
1,SZ300424,航新科技,20201231
1,SZ300426,唐德影视,20201231
1,SZ300428,立中集团,20201231
1,SZ300430,诚益通,20201231
1,SZ300434,金石亚药,20201231
1,SZ300435,中泰股份,20201231
1,SZ300436,广生堂,20201231
1,SZ300437,清水源,20201231
1,SZ300438,鹏辉能源,20201231
1,SZ300440,运达科技,20201231
1,SZ300441,鲍斯股份,20201231
1,SZ300442,普丽盛,20201231
1,SZ300444,双杰电气,20201231
1,SZ300446,*ST乐材,20201231
1,SZ300448,浩云科技,20201231
1,SZ300449,汉邦高科,20201231
1,SZ300455,康拓红外,20201231
1,SZ300456,赛微电子,20201231
1,SZ300457,赢合科技,20201231
1,SZ300459,汤姆猫,20201231
1,SZ300460,惠伦晶体,20201231
1,SZ300461,田中精机,20201231
1,SZ300462,华铭智能,20201231
1,SZ300463,迈克生物,20201231
1,SZ300464,星徽股份,20201231
1,SZ300465,高伟达,20201231
1,SZ300466,赛摩智能,20201231
1,SZ300467,迅游科技,20201231
1,SZ300469,信息发展,20201231
1,SZ300471,厚普股份,20201231
1,SZ300472,新元科技,20201231
1,SZ300473,德尔股份,20201231
1,SZ300476,胜宏科技,20201231
1,SZ300477,合纵科技,20201231
1,SZ300478,杭州高新,20201231
1,SZ300479,神思电子,20201231
1,SZ300483,首华燃气,20201231
1,SZ300489,光智科技,20201231
1,SZ300490,华自科技,20201231
1,SZ300491,通合科技,20201231
1,SZ300492,华图山鼎,20201231
1,SZ300493,润欣科技,20201231
1,SZ300494,盛天网络,20201231
1,SZ300495,*ST美尚,20201231
1,SZ300498,温氏股份,20201231
1,SZ300499,高澜股份,20201231
1,SZ300500,启迪设计,20201231
1,SZ300503,昊志机电,20201231
1,SZ300504,天邑股份,20201231
1,SZ300505,川金诺,20201231
1,SZ300506,名家汇,20201231
1,SZ300509,新美星,20201231
1,SZ300510,金冠股份,20201231
1,SZ300511,雪榕生物,20201231
1,SZ300512,中亚股份,20201231
1,SZ300513,恒实科技,20201231
1,SZ300514,友讯达,20201231
1,SZ300516,久之洋,20201231
1,SZ300517,海波重科,20201231
1,SZ300520,科大国创,20201231
1,SZ300521,爱司凯,20201231
1,SZ300523,辰安科技,20201231
1,SZ300526,中潜股份,20201231
1,SZ300527,中船应急,20201231
1,SZ300528,幸福蓝海,20201231
1,SZ300530,*ST达志,20201231
1,SZ300532,今天国际,20201231
1,SZ300534,陇神戎发,20201231
1,SZ300535,达威股份,20201231
1,SZ300536,农尚环境,20201231
1,SZ300537,广信材料,20201231
1,SZ300538,同益股份,20201231
1,SZ300539,横河精密,20201231
1,SZ300540,深冷股份,20201231
1,SZ300541,先进数通,20201231
1,SZ300542,新晨科技,20201231
1,SZ300543,朗科智能,20201231
1,SZ300545,联得装备,20201231
1,SZ300546,雄帝科技,20201231
1,SZ300548,博创科技,20201231
1,SZ300549,优德精密,20201231
1,SZ300550,和仁科技,20201231
1,SZ300551,古鳌科技,20201231
1,SZ300552,万集科技,20201231
1,SZ300553,集智股份,20201231
1,SZ300554,三超新材,20201231
1,SZ300555,路通视信,20201231
1,SZ300556,丝路视觉,20201231
1,SZ300557,理工光科,20201231
1,SZ300560,中富通,20201231
1,SZ300561,汇金科技,20201231
1,SZ300562,乐心医疗,20201231
1,SZ300563,神宇股份,20201231
1,SZ300565,科信技术,20201231
1,SZ300568,星源材质,20201231
1,SZ300571,平治信息,20201231
1,SZ300577,开润股份,20201231
1,SZ300581,晨曦航空,20201231
1,SZ300583,赛托生物,20201231
1,SZ300584,海辰药业,20201231
1,SZ300585,奥联电子,20201231
1,SZ300586,美联新材,20201231
1,SZ300587,天铁股份,20201231
1,SZ300588,熙菱信息,20201231
1,SZ300589,江龙船艇,20201231
1,SZ300591,万里马,20201231
1,SZ300592,华凯创意,20201231
1,SZ300594,朗进科技,20201231
1,SZ300597,吉大通信,20201231
1,SZ300598,诚迈科技,20201231
1,SZ300600,国瑞科技,20201231
1,SZ300602,飞荣达,20201231
1,SZ300603,立昂技术,20201231
1,SZ300605,恒锋信息,20201231
1,SZ300608,思特奇,20201231
1,SZ300609,汇纳科技,20201231
1,SZ300611,美力科技,20201231
1,SZ300612,宣亚国际,20201231
1,SZ300615,欣天科技,20201231
1,SZ300616,尚品宅配,20201231
1,SZ300619,金银河,20201231
1,SZ300621,维业股份,20201231
1,SZ300626,华瑞股份,20201231
1,SZ300633,开立医疗,20201231
1,SZ300635,中达安,20201231
1,SZ300637,扬帆新材,20201231
1,SZ300640,德艺文创,20201231
1,SZ300641,正丹股份,20201231
1,SZ300643,万通智控,20201231
1,SZ300644,南京聚隆,20201231
1,SZ300645,正元智慧,20201231
1,SZ300647,超频三,20201231
1,SZ300649,杭州园林,20201231
1,SZ300650,太龙股份,20201231
1,SZ300651,金陵体育,20201231
1,SZ300654,世纪天鸿,20201231
1,SZ300655,晶瑞电材,20201231
1,SZ300656,民德电子,20201231
1,SZ300657,弘信电子,20201231
1,SZ300662,科锐国际,20201231
1,SZ300663,科蓝软件,20201231
1,SZ300664,鹏鹞环保,20201231
1,SZ300665,飞鹿股份,20201231
1,SZ300666,江丰电子,20201231
1,SZ300667,必创科技,20201231
1,SZ300668,杰恩设计,20201231
1,SZ300670,大烨智能,20201231
1,SZ300671,富满微,20201231
1,SZ300672,国科微,20201231
1,SZ300673,佩蒂股份,20201231
1,SZ300675,建科院,20201231
1,SZ300678,中科信息,20201231
1,SZ300680,隆盛科技,20201231
1,SZ300681,英搏尔,20201231
1,SZ300683,海特生物,20201231
1,SZ300686,智动力,20201231
1,SZ300688,创业黑马,20201231
1,SZ300689,澄天伟业,20201231
1,SZ300691,联合光电,20201231
1,SZ300692,中环环保,20201231
1,SZ300694,蠡湖股份,20201231
1,SZ300696,爱乐达,20201231
1,SZ300697,电工合金,20201231
1,SZ300698,万马科技,20201231
1,SZ300700,岱勒新材,20201231
1,SZ300703,创源股份,20201231
1,SZ300705,九典制药,20201231
1,SZ300706,阿石创,20201231
1,SZ300707,威唐工业,20201231
1,SZ300708,聚灿光电,20201231
1,SZ300709,精研科技,20201231
1,SZ300710,万隆光电,20201231
1,SZ300711,广哈通信,20201231
1,SZ300712,永福股份,20201231
1,SZ300713,英可瑞,20201231
1,SZ300715,凯伦股份,20201231
1,SZ300716,国立科技,20201231
1,SZ300719,安达维尔,20201231
1,SZ300721,怡达股份,20201231
1,SZ300727,润禾材料,20201231
1,SZ300730,科创信息,20201231
1,SZ300731,科创新源,20201231
1,SZ300733,西菱动力,20201231
1,SZ300736,百邦科技,20201231
1,SZ300738,奥飞数据,20201231
1,SZ300740,水羊股份,20201231
1,SZ300742,越博动力,20201231
1,SZ300743,天地数码,20201231
1,SZ300745,欣锐科技,20201231
1,SZ300746,汉嘉设计,20201231
1,SZ300749,顶固集创,20201231
1,SZ300752,隆利科技,20201231
1,SZ300755,华致酒行,20201231
1,SZ300756,金马游乐,20201231
1,SZ300757,罗博特科,20201231
1,SZ300761,立华股份,20201231
1,SZ300762,上海瀚讯,20201231
1,SZ300769,德方纳米,20201231
1,SZ300772,运达股份,20201231
1,SZ300775,三角防务,20201231
1,SZ300779,惠城环保,20201231
1,SZ300781,因赛集团,20201231
1,SZ300783,三只松鼠,20201231
1,SZ300787,海能实业,20201231
1,SZ300790,宇瞳光学,20201231
1,SZ300793,佳禾智能,20201231
1,SZ300795,*ST米奥,20201231
1,SZ300796,贝斯美,20201231
1,SZ300798,锦鸡股份,20201231
1,SZ300799,左江科技,20201231
1,SZ300805,电声股份,20201231
1,SZ300807,天迈科技,20201231
1,SZ300808,久量股份,20201231
1,SZ300810,中科海讯,20201231
1,SZ300812,易天股份,20201231
1,SZ300815,玉禾田,20201231
1,SZ300816,艾可蓝,20201231
1,SZ300819,聚杰微纤,20201231
1,SZ300827,上能电气,20201231
1,SZ300830,金现代,20201231
1,SZ300836,佰奥智能,20201231
1,SZ300839,博汇股份,20201231
1,SZ300840,酷特智能,20201231
1,SZ300842,帝科股份,20201231
1,SZ300843,胜蓝股份,20201231
1,SZ300846,首都在线,20201231
1,SZ300853,申昊科技,20201231
1,SZ300857,协创数据,20201231
1,SZ300859,*ST西域,20201231
1,SZ300863,卡倍亿,20201231
1,SZ300865,大宏立,20201231
1,SZ300866,安克创新,20201231
1,SZ300870,欧陆通,20201231
1,SZ300872,天阳科技,20201231
1,SZ300875,捷强装备,20201231
1,SZ300879,大叶股份,20201231
1,SZ300881,盛德鑫泰,20201231
1,SZ300882,万胜智能,20201231
1,SZ300883,龙利得,20201231
1,SZ300889,爱克股份,20201231
1,SZ300891,惠云钛业,20201231
1,SZ300892,品渥食品,20201231
1,SZ300899,上海凯鑫,20201231
1,SZ300900,广联航空,20201231
1,SZ300902,国安达,20201231
1,SZ300903,科翔股份,20201231
1,SZ300907,康平科技,20201231
1,SZ300912,凯龙高科,20201231
1,SZ300913,兆龙互连,20201231
1,SZ300917,特发服务,20201231
1,SZ300918,南山智尚,20201231
1,SZ300919,中伟股份,20201231
1,SZ300925,法本信息,20201231
1,SZ300999,金龙鱼,20201231
1,SH600004,白云机场,20201231
1,SH600006,东风汽车,20201231
1,SH600008,首创环保,20201231
1,SH600009,上海机场,20201231
1,SH600010,包钢股份,20201231
1,SH600011,华能国际,20201231
1,SH600016,民生银行,20201231
1,SH600017,日照港,20201231
1,SH600019,宝钢股份,20201231
1,SH600020,中原高速,20201231
1,SH600021,上海电力,20201231
1,SH600022,山东钢铁,20201231
1,SH600025,华能水电,20201231
1,SH600026,中远海能,20201231
1,SH600027,华电国际,20201231
1,SH600028,中国石化,20201231
1,SH600029,南方航空,20201231
1,SH600033,福建高速,20201231
1,SH600035,楚天高速,20201231
1,SH600037,歌华有线,20201231
1,SH600038,中直股份,20201231
1,SH600039,四川路桥,20201231
1,SH600050,中国联通,20201231
1,SH600052,东望时代,20201231
1,SH600053,九鼎投资,20201231
1,SH600054,黄山旅游,20201231
1,SH600056,中国医药,20201231
1,SH600057,厦门象屿,20201231
1,SH600058,五矿发展,20201231
1,SH600060,海信视像,20201231
1,SH600061,国投资本,20201231
1,SH600063,皖维高新,20201231
1,SH600064,南京高科,20201231
1,SH600066,宇通客车,20201231
1,SH600067,冠城大通,20201231
1,SH600070,浙江富润,20201231
1,SH600071,凤凰光学,20201231
1,SH600072,中船科技,20201231
1,SH600073,上海梅林,20201231
1,SH600075,新疆天业,20201231
1,SH600076,康欣新材,20201231
1,SH600077,宋都股份,20201231
1,SH600078,*ST澄星,20201231
1,SH600079,人福医药,20201231
1,SH600080,金花股份,20201231
1,SH600081,东风科技,20201231
1,SH600082,海泰发展,20201231
1,SH600083,*ST博信,20201231
1,SH600084,*ST中葡,20201231
1,SH600088,中视传媒,20201231
1,SH600089,特变电工,20201231
1,SH600090,*ST济堂,20201231
1,SH600091,*ST明科,20201231
1,SH600093,*ST易见,20201231
1,SH600094,大名城,20201231
1,SH600096,云天化,20201231
1,SH600097,开创国际,20201231
1,SH600098,广州发展,20201231
1,SH600099,林海股份,20201231
1,SH600100,同方股份,20201231
1,SH600101,明星电力,20201231
1,SH600103,青山纸业,20201231
1,SH600104,上汽集团,20201231
1,SH600105,永鼎股份,20201231
1,SH600106,重庆路桥,20201231
1,SH600107,美尔雅,20201231
1,SH600108,亚盛集团,20201231
1,SH600109,国金证券,20201231
1,SH600110,诺德股份,20201231
1,SH600111,北方稀土,20201231
1,SH600112,*ST天成,20201231
1,SH600113,浙江东日,20201231
1,SH600114,东睦股份,20201231
1,SH600115,中国东航,20201231
1,SH600116,三峡水利,20201231
1,SH600117,西宁特钢,20201231
1,SH600118,中国卫星,20201231
1,SH600119,长江投资,20201231
1,SH600120,浙江东方,20201231
1,SH600121,郑州煤电,20201231
1,SH600122,ST宏图,20201231
1,SH600123,兰花科创,20201231
1,SH600125,铁龙物流,20201231
1,SH600126,杭钢股份,20201231
1,SH600127,金健米业,20201231
1,SH600128,弘业股份,20201231
1,SH600129,太极集团,20201231
1,SH600130,波导股份,20201231
1,SH600131,国网信通,20201231
1,SH600132,重庆啤酒,20201231
1,SH600133,东湖高新,20201231
1,SH600135,乐凯胶片,20201231
1,SH600136,当代文体,20201231
1,SH600137,浪莎股份,20201231
1,SH600138,中青旅,20201231
1,SH600139,ST西源,20201231
1,SH600141,兴发集团,20201231
1,SH600145,*ST新亿,20201231
1,SH600146,*ST环球,20201231
1,SH600148,长春一东,20201231
1,SH600149,廊坊发展,20201231
1,SH600150,中国船舶,20201231
1,SH600151,航天机电,20201231
1,SH600152,维科技术,20201231
1,SH600153,建发股份,20201231
1,SH600155,华创阳安,20201231
1,SH600156,华升股份,20201231
1,SH600157,永泰能源,20201231
1,SH600158,中体产业,20201231
1,SH600160,巨化股份,20201231
1,SH600162,香江控股,20201231
1,SH600165,新日恒力,20201231
1,SH600166,福田汽车,20201231
1,SH600168,武汉控股,20201231
1,SH600169,太原重工,20201231
1,SH600170,上海建工,20201231
1,SH600172,黄河旋风,20201231
1,SH600173,卧龙地产,20201231
1,SH600176,中国巨石,20201231
1,SH600177,雅戈尔,20201231
1,SH600178,东安动力,20201231
1,SH600179,安通控股,20201231
1,SH600180,瑞茂通,20201231
1,SH600182,SST佳通,20201231
1,SH600184,光电股份,20201231
1,SH600185,格力地产,20201231
1,SH600186,莲花健康,20201231
1,SH600187,国中水务,20201231
1,SH600188,兖矿能源,20201231
1,SH600189,泉阳泉,20201231
1,SH600190,锦州港,20201231
1,SH600191,*ST华资,20201231
1,SH600192,长城电工,20201231
1,SH600193,创兴资源,20201231
1,SH600195,中牧股份,20201231
1,SH600198,*ST大唐,20201231
1,SH600199,金种子酒,20201231
1,SH600200,江苏吴中,20201231
1,SH600202,哈空调,20201231
1,SH600203,福日电子,20201231
1,SH600206,有研新材,20201231
1,SH600207,安彩高科,20201231
1,SH600208,新湖中宝,20201231
1,SH600209,*ST罗顿,20201231
1,SH600210,紫江企业,20201231
1,SH600212,江泉实业,20201231
1,SH600213,亚星客车,20201231
1,SH600216,浙江医药,20201231
1,SH600217,中再资环,20201231
1,SH600218,全柴动力,20201231
1,SH600219,南山铝业,20201231
1,SH600220,江苏阳光,20201231
1,SH600221,*ST海航,20201231
1,SH600222,太龙药业,20201231
1,SH600223,鲁商发展,20201231
1,SH600225,*ST松江,20201231
1,SH600226,ST瀚叶,20201231
1,SH600227,圣济堂,20201231
1,SH600228,返利科技,20201231
1,SH600230,沧州大化,20201231
1,SH600231,凌钢股份,20201231
1,SH600232,金鹰股份,20201231
1,SH600233,圆通速递,20201231
1,SH600234,科新发展,20201231
1,SH600235,民丰特纸,20201231
1,SH600236,桂冠电力,20201231
1,SH600237,铜峰电子,20201231
1,SH600238,海南椰岛,20201231
1,SH600239,*ST云城,20201231
1,SH600241,ST时万,20201231
1,SH600242,ST中昌,20201231
1,SH600243,青海华鼎,20201231
1,SH600246,万通发展,20201231
1,SH600248,陕西建工,20201231
1,SH600249,两面针,20201231
1,SH600250,南纺股份,20201231
1,SH600251,冠农股份,20201231
1,SH600252,中恒集团,20201231
1,SH600255,鑫科材料,20201231
1,SH600256,广汇能源,20201231
1,SH600257,大湖股份,20201231
1,SH600258,首旅酒店,20201231
1,SH600259,广晟有色,20201231
1,SH600260,ST凯乐,20201231
1,SH600262,北方股份,20201231
1,SH600265,*ST景谷,20201231
1,SH600266,城建发展,20201231
1,SH600267,海正药业,20201231
1,SH600268,国电南自,20201231
1,SH600271,航天信息,20201231
1,SH600272,开开实业,20201231
1,SH600275,*ST昌鱼,20201231
1,SH600277,亿利洁能,20201231
1,SH600278,东方创业,20201231
1,SH600279,重庆港,20201231
1,SH600280,中央商场,20201231
1,SH600281,华阳新材,20201231
1,SH600282,南钢股份,20201231
1,SH600283,钱江水利,20201231
1,SH600284,浦东建设,20201231
1,SH600287,江苏舜天,20201231
1,SH600288,大恒科技,20201231
1,SH600289,ST信通,20201231
1,SH600290,ST华仪,20201231
1,SH600291,*ST西水,20201231
1,SH600292,远达环保,20201231
1,SH600293,三峡新材,20201231
1,SH600295,鄂尔多斯,20201231
1,SH600297,广汇汽车,20201231
1,SH600300,ST维维,20201231
1,SH600301,*ST南化,20201231
1,SH600302,标准股份,20201231
1,SH600303,曙光股份,20201231
1,SH600306,*ST商城,20201231
1,SH600307,酒钢宏兴,20201231
1,SH600308,华泰股份,20201231
1,SH600309,万华化学,20201231
1,SH600310,桂东电力,20201231
1,SH600311,ST荣华,20201231
1,SH600312,平高电气,20201231
1,SH600313,农发种业,20201231
1,SH600315,上海家化,20201231
1,SH600316,洪都航空,20201231
1,SH600318,新力金融,20201231
1,SH600319,*ST亚星,20201231
1,SH600320,振华重工,20201231
1,SH600321,正源股份,20201231
1,SH600322,天房发展,20201231
1,SH600323,瀚蓝环境,20201231
1,SH600325,华发股份,20201231
1,SH600327,大东方,20201231
1,SH600328,中盐化工,20201231
1,SH600330,天通股份,20201231
1,SH600331,宏达股份,20201231
1,SH600332,白云山,20201231
1,SH600333,长春燃气,20201231
1,SH600335,国机汽车,20201231
1,SH600336,澳柯玛,20201231
1,SH600337,美克家居,20201231
1,SH600338,西藏珠峰,20201231
1,SH600339,中油工程,20201231
1,SH600340,华夏幸福,20201231
1,SH600343,航天动力,20201231
1,SH600345,长江通信,20201231
1,SH600346,恒力石化,20201231
1,SH600348,华阳股份,20201231
1,SH600350,山东高速,20201231
1,SH600351,亚宝药业,20201231
1,SH600353,旭光电子,20201231
1,SH600354,敦煌种业,20201231
1,SH600355,精伦电子,20201231
1,SH600356,恒丰纸业,20201231
1,SH600358,国旅联合,20201231
1,SH600359,新农开发,20201231
1,SH600360,华微电子,20201231
1,SH600361,华联综超,20201231
1,SH600362,江西铜业,20201231
1,SH600363,联创光电,20201231
1,SH600365,ST通葡,20201231
1,SH600366,宁波韵升,20201231
1,SH600367,红星发展,20201231
1,SH600369,西南证券,20201231
1,SH600370,三房巷,20201231
1,SH600371,万向德农,20201231
1,SH600372,中航电子,20201231
1,SH600375,汉马科技,20201231
1,SH600376,首开股份,20201231
1,SH600377,宁沪高速,20201231
1,SH600379,宝光股份,20201231
1,SH600380,健康元,20201231
1,SH600381,青海春天,20201231
1,SH600382,*ST广珠,20201231
1,SH600385,*ST金泰,20201231
1,SH600386,北巴传媒,20201231
1,SH600387,ST海越,20201231
1,SH600388,龙净环保,20201231
1,SH600389,江山股份,20201231
1,SH600390,五矿资本,20201231
1,SH600391,航发科技,20201231
1,SH600392,盛和资源,20201231
1,SH600393,ST粤泰,20201231
1,SH600395,盘江股份,20201231
1,SH600396,金山股份,20201231
1,SH600397,安源煤业,20201231
1,SH600398,海澜之家,20201231
1,SH600399,抚顺特钢,20201231
1,SH600400,红豆股份,20201231
1,SH600403,ST大有,20201231
1,SH600405,动力源,20201231
1,SH600406,国电南瑞,20201231
1,SH600408,ST安泰,20201231
1,SH600409,三友化工,20201231
1,SH600410,华胜天成,20201231
1,SH600415,小商品城,20201231
1,SH600416,湘电股份,20201231
1,SH600418,江淮汽车,20201231
1,SH600419,天润乳业,20201231
1,SH600420,国药现代,20201231
1,SH600421,华嵘控股,20201231
1,SH600422,昆药集团,20201231
1,SH600423,柳化股份,20201231
1,SH600425,青松建化,20201231
1,SH600426,华鲁恒升,20201231
1,SH600428,中远海特,20201231
1,SH600429,三元股份,20201231
1,SH600433,冠豪高新,20201231
1,SH600435,北方导航,20201231
1,SH600438,通威股份,20201231
1,SH600439,瑞贝卡,20201231
1,SH600444,国机通用,20201231
1,SH600446,金证股份,20201231
1,SH600448,华纺股份,20201231
1,SH600452,涪陵电力,20201231
1,SH600455,博通股份,20201231
1,SH600456,宝钛股份,20201231
1,SH600458,时代新材,20201231
1,SH600459,贵研铂业,20201231
1,SH600460,士兰微,20201231
1,SH600461,洪城环境,20201231
1,SH600462,ST九有,20201231
1,SH600463,空港股份,20201231
1,SH600466,蓝光发展,20201231
1,SH600467,好当家,20201231
1,SH600468,百利电气,20201231
1,SH600469,风神股份,20201231
1,SH600470,六国化工,20201231
1,SH600475,华光环能,20201231
1,SH600476,湘邮科技,20201231
1,SH600477,杭萧钢构,20201231
1,SH600478,科力远,20201231
1,SH600479,千金药业,20201231
1,SH600480,凌云股份,20201231
1,SH600481,双良节能,20201231
1,SH600482,中国动力,20201231
1,SH600483,福能股份,20201231
1,SH600487,亨通光电,20201231
1,SH600488,天药股份,20201231
1,SH600489,中金黄金,20201231
1,SH600490,鹏欣资源,20201231
1,SH600491,龙元建设,20201231
1,SH600493,凤竹纺织,20201231
1,SH600495,晋西车轴,20201231
1,SH600496,精工钢构,20201231
1,SH600497,驰宏锌锗,20201231
1,SH600498,烽火通信,20201231
1,SH600499,科达制造,20201231
1,SH600500,中化国际,20201231
1,SH600501,航天晨光,20201231
1,SH600502,安徽建工,20201231
1,SH600505,西昌电力,20201231
1,SH600506,*ST香梨,20201231
1,SH600508,上海能源,20201231
1,SH600509,天富能源,20201231
1,SH600511,国药股份,20201231
1,SH600512,腾达建设,20201231
1,SH600513,联环药业,20201231
1,SH600515,*ST基础,20201231
1,SH600517,国网英大,20201231
1,SH600518,*ST康美,20201231
1,SH600520,文一科技,20201231
1,SH600522,中天科技,20201231
1,SH600523,贵航股份,20201231
1,SH600525,长园集团,20201231
1,SH600526,菲达环保,20201231
1,SH600528,中铁工业,20201231
1,SH600531,豫光金铅,20201231
1,SH600532,未来股份,20201231
1,SH600533,栖霞建设,20201231
1,SH600535,天士力,20201231
1,SH600536,中国软件,20201231
1,SH600537,亿晶光电,20201231
1,SH600538,国发股份,20201231
1,SH600540,新赛股份,20201231
1,SH600543,莫高股份,20201231
1,SH600545,卓郎智能,20201231
1,SH600546,山煤国际,20201231
1,SH600547,山东黄金,20201231
1,SH600548,深高速,20201231
1,SH600549,厦门钨业,20201231
1,SH600550,保变电气,20201231
1,SH600551,时代出版,20201231
1,SH600552,凯盛科技,20201231
1,SH600555,*ST海创,20201231
1,SH600556,天下秀,20201231
1,SH600557,康缘药业,20201231
1,SH600558,大西洋,20201231
1,SH600559,老白干酒,20201231
1,SH600560,金自天正,20201231
1,SH600561,江西长运,20201231
1,SH600562,国睿科技,20201231
1,SH600565,迪马股份,20201231
1,SH600567,山鹰国际,20201231
1,SH600568,ST中珠,20201231
1,SH600569,安阳钢铁,20201231
1,SH600571,信雅达,20201231
1,SH600572,康恩贝,20201231
1,SH600573,惠泉啤酒,20201231
1,SH600575,淮河能源,20201231
1,SH600576,祥源文化,20201231
1,SH600577,精达股份,20201231
1,SH600578,京能电力,20201231
1,SH600579,克劳斯,20201231
1,SH600580,卧龙电驱,20201231
1,SH600581,八一钢铁,20201231
1,SH600582,天地科技,20201231
1,SH600583,海油工程,20201231
1,SH600584,长电科技,20201231
1,SH600586,金晶科技,20201231
1,SH600587,新华医疗,20201231
1,SH600589,ST榕泰,20201231
1,SH600590,泰豪科技,20201231
1,SH600593,*ST圣亚,20201231
1,SH600594,益佰制药,20201231
1,SH600595,ST中孚,20201231
1,SH600596,新安股份,20201231
1,SH600597,光明乳业,20201231
1,SH600599,ST熊猫,20201231
1,SH600600,青岛啤酒,20201231
1,SH600601,ST方科,20201231
1,SH600602,云赛智联,20201231
1,SH600604,市北高新,20201231
1,SH600605,汇通能源,20201231
1,SH600606,绿地控股,20201231
1,SH600608,ST沪科,20201231
1,SH600609,金杯汽车,20201231
1,SH600610,中毅达,20201231
1,SH600611,大众交通,20201231
1,SH600612,老凤祥,20201231
1,SH600613,神奇制药,20201231
1,SH600615,*ST丰华,20201231
1,SH600616,金枫酒业,20201231
1,SH600617,国新能源,20201231
1,SH600619,海立股份,20201231
1,SH600620,天宸股份,20201231
1,SH600621,华鑫股份,20201231
1,SH600622,光大嘉宝,20201231
1,SH600623,华谊集团,20201231
1,SH600624,复旦复华,20201231
1,SH600626,申达股份,20201231
1,SH600628,新世界,20201231
1,SH600629,华建集团,20201231
1,SH600630,龙头股份,20201231
1,SH600635,大众公用,20201231
1,SH600640,新国脉,20201231
1,SH600642,申能股份,20201231
1,SH600644,乐山电力,20201231
1,SH600645,中源协和,20201231
1,SH600647,同达创业,20201231
1,SH600648,外高桥,20201231
1,SH600650,锦江在线,20201231
1,SH600651,飞乐音响,20201231
1,SH600652,*ST游久,20201231
1,SH600653,申华控股,20201231
1,SH600654,ST中安,20201231
1,SH600655,豫园股份,20201231
1,SH600657,信达地产,20201231
1,SH600661,昂立教育,20201231
1,SH600662,外服控股,20201231
1,SH600663,陆家嘴,20201231
1,SH600664,哈药股份,20201231
1,SH600665,天地源,20201231
1,SH600666,ST瑞德,20201231
1,SH600667,太极实业,20201231
1,SH600671,ST目药,20201231
1,SH600673,东阳光,20201231
1,SH600674,川投能源,20201231
1,SH600676,交运股份,20201231
1,SH600678,四川金顶,20201231
1,SH600679,上海凤凰,20201231
1,SH600681,百川能源,20201231
1,SH600683,京投发展,20201231
1,SH600684,珠江股份,20201231
1,SH600685,中船防务,20201231
1,SH600686,金龙汽车,20201231
1,SH600688,上海石化,20201231
1,SH600689,上海三毛,20201231
1,SH600690,海尔智家,20201231
1,SH600691,阳煤化工,20201231
1,SH600692,亚通股份,20201231
1,SH600693,东百集团,20201231
1,SH600694,大商股份,20201231
1,SH600695,*ST绿庭,20201231
1,SH600696,岩石股份,20201231
1,SH600697,欧亚集团,20201231
1,SH600698,湖南天雁,20201231
1,SH600699,均胜电子,20201231
1,SH600704,物产中大,20201231
1,SH600706,曲江文旅,20201231
1,SH600707,彩虹股份,20201231
1,SH600708,光明地产,20201231
1,SH600710,苏美达,20201231
1,SH600711,盛屯矿业,20201231
1,SH600712,南宁百货,20201231
1,SH600713,南京医药,20201231
1,SH600714,金瑞矿业,20201231
1,SH600715,文投控股,20201231
1,SH600716,凤凰股份,20201231
1,SH600717,天津港,20201231
1,SH600718,东软集团,20201231
1,SH600719,大连热电,20201231
1,SH600721,*ST百花,20201231
1,SH600722,金牛化工,20201231
1,SH600725,云维股份,20201231
1,SH600726,华电能源,20201231
1,SH600728,佳都科技,20201231
1,SH600729,重庆百货,20201231
1,SH600730,中国高科,20201231
1,SH600732,爱旭股份,20201231
1,SH600733,北汽蓝谷,20201231
1,SH600734,*ST实达,20201231
1,SH600735,新华锦,20201231
1,SH600736,苏州高新,20201231
1,SH600737,中粮糖业,20201231
1,SH600738,丽尚国潮,20201231
1,SH600739,辽宁成大,20201231
1,SH600740,山西焦化,20201231
1,SH600741,华域汽车,20201231
1,SH600742,一汽富维,20201231
1,SH600743,华远地产,20201231
1,SH600744,华银电力,20201231
1,SH600745,闻泰科技,20201231
1,SH600746,江苏索普,20201231
1,SH600749,西藏旅游,20201231
1,SH600751,海航科技,20201231
1,SH600753,东方银星,20201231
1,SH600754,锦江酒店,20201231
1,SH600755,厦门国贸,20201231
1,SH600756,浪潮软件,20201231
1,SH600758,辽宁能源,20201231
1,SH600759,洲际油气,20201231
1,SH600760,中航沈飞,20201231
1,SH600761,安徽合力,20201231
1,SH600765,中航重机,20201231
1,SH600766,*ST园城,20201231
1,SH600768,宁波富邦,20201231
1,SH600769,祥龙电业,20201231
1,SH600770,综艺股份,20201231
1,SH600771,广誉远,20201231
1,SH600773,西藏城投,20201231
1,SH600774,汉商集团,20201231
1,SH600775,南京熊猫,20201231
1,SH600776,东方通信,20201231
1,SH600777,新潮能源,20201231
1,SH600778,友好集团,20201231
1,SH600780,通宝能源,20201231
1,SH600781,ST辅仁,20201231
1,SH600782,新钢股份,20201231
1,SH600783,鲁信创投,20201231
1,SH600784,鲁银投资,20201231
1,SH600785,新华百货,20201231
1,SH600787,中储股份,20201231
1,SH600789,鲁抗医药,20201231
1,SH600790,轻纺城,20201231
1,SH600791,京能置业,20201231
1,SH600792,云煤能源,20201231
1,SH600793,宜宾纸业,20201231
1,SH600794,保税科技,20201231
1,SH600795,国电电力,20201231
1,SH600796,钱江生化,20201231
1,SH600797,浙大网新,20201231
1,SH600800,渤海化学,20201231
1,SH600802,福建水泥,20201231
1,SH600803,新奥股份,20201231
1,SH600804,鹏博士,20201231
1,SH600805,悦达投资,20201231
1,SH600807,济南高新,20201231
1,SH600808,马钢股份,20201231
1,SH600810,神马股份,20201231
1,SH600811,东方集团,20201231
1,SH600812,华北制药,20201231
1,SH600815,厦工股份,20201231
1,SH600816,ST安信,20201231
1,SH600817,宇通重工,20201231
1,SH600818,中路股份,20201231
1,SH600819,耀皮玻璃,20201231
1,SH600820,隧道股份,20201231
1,SH600821,金开新能,20201231
1,SH600822,上海物贸,20201231
1,SH600823,世茂股份,20201231
1,SH600825,新华传媒,20201231
1,SH600826,兰生股份,20201231
1,SH600827,百联股份,20201231
1,SH600828,茂业商业,20201231
1,SH600829,人民同泰,20201231
1,SH600830,香溢融通,20201231
1,SH600831,广电网络,20201231
1,SH600833,第一医药,20201231
1,SH600834,申通地铁,20201231
1,SH600835,上海机电,20201231
1,SH600838,上海九百,20201231
1,SH600839,四川长虹,20201231
1,SH600841,上柴股份,20201231
1,SH600843,上工申贝,20201231
1,SH600844,丹化科技,20201231
1,SH600847,万里股份,20201231
1,SH600848,上海临港,20201231
1,SH600850,电科数字,20201231
1,SH600851,海欣股份,20201231
1,SH600853,龙建股份,20201231
1,SH600854,春兰股份,20201231
1,SH600855,航天长峰,20201231
1,SH600856,*ST中天,20201231
1,SH600857,宁波中百,20201231
1,SH600858,银座股份,20201231
1,SH600859,王府井,20201231
1,SH600860,京城股份,20201231
1,SH600861,北京城乡,20201231
1,SH600863,内蒙华电,20201231
1,SH600864,哈投股份,20201231
1,SH600865,百大集团,20201231
1,SH600869,远东股份,20201231
1,SH600870,*ST厦华,20201231
1,SH600871,石化油服,20201231
1,SH600873,梅花生物,20201231
1,SH600875,东方电气,20201231
1,SH600876,洛阳玻璃,20201231
1,SH600879,航天电子,20201231
1,SH600881,亚泰集团,20201231
1,SH600882,妙可蓝多,20201231
1,SH600883,博闻科技,20201231
1,SH600884,杉杉股份,20201231
1,SH600886,国投电力,20201231
1,SH600887,伊利股份,20201231
1,SH600888,新疆众和,20201231
1,SH600889,南京化纤,20201231
1,SH600890,*ST中房,20201231
1,SH600892,大晟文化,20201231
1,SH600893,航发动力,20201231
1,SH600895,张江高科,20201231
1,SH600896,*ST海医,20201231
1,SH600898,ST美讯,20201231
1,SH600900,长江电力,20201231
1,SH600901,江苏租赁,20201231
1,SH600903,贵州燃气,20201231
1,SH600909,华安证券,20201231
1,SH600917,重庆燃气,20201231
1,SH600919,江苏银行,20201231
1,SH600929,雪天盐业,20201231
1,SH600936,广西广电,20201231
1,SH600939,重庆建工,20201231
1,SH600959,江苏有线,20201231
1,SH600960,渤海汽车,20201231
1,SH600961,株冶集团,20201231
1,SH600962,国投中鲁,20201231
1,SH600963,岳阳林纸,20201231
1,SH600965,福成股份,20201231
1,SH600966,博汇纸业,20201231
1,SH600967,内蒙一机,20201231
1,SH600968,海油发展,20201231
1,SH600969,郴电国际,20201231
1,SH600970,中材国际,20201231
1,SH600973,宝胜股份,20201231
1,SH600976,健民集团,20201231
1,SH600977,中国电影,20201231
1,SH600979,广安爱众,20201231
1,SH600980,北矿科技,20201231
1,SH600981,汇鸿集团,20201231
1,SH600982,宁波能源,20201231
1,SH600983,惠而浦,20201231
1,SH600985,淮北矿业,20201231
1,SH600986,浙文互联,20201231
1,SH600989,宝丰能源,20201231
1,SH600990,四创电子,20201231
1,SH600992,贵绳股份,20201231
1,SH600995,文山电力,20201231
1,SH600996,贵广网络,20201231
1,SH600997,开滦股份,20201231
1,SH600998,九州通,20201231
1,SH600999,招商证券,20201231
1,SH601001,晋控煤业,20201231
1,SH601003,柳钢股份,20201231
1,SH601005,重庆钢铁,20201231
1,SH601007,金陵饭店,20201231
1,SH601008,连云港,20201231
1,SH601011,宝泰隆,20201231
1,SH601015,陕西黑猫,20201231
1,SH601018,宁波港,20201231
1,SH601020,ST华钰,20201231
1,SH601021,春秋航空,20201231
1,SH601028,玉龙股份,20201231
1,SH601038,一拖股份,20201231
1,SH601058,赛轮轮胎,20201231
1,SH601066,中信建投,20201231
1,SH601068,中铝国际,20201231
1,SH601069,西部黄金,20201231
1,SH601086,国芳集团,20201231
1,SH601099,太平洋,20201231
1,SH601101,昊华能源,20201231
1,SH601106,中国一重,20201231
1,SH601107,四川成渝,20201231
1,SH601108,财通证券,20201231
1,SH601111,中国国航,20201231
1,SH601113,ST华鼎,20201231
1,SH601116,三江购物,20201231
1,SH601117,中国化学,20201231
1,SH601118,海南橡胶,20201231
1,SH601126,四方股份,20201231
1,SH601127,小康股份,20201231
1,SH601137,博威合金,20201231
1,SH601138,工业富联,20201231
1,SH601139,深圳燃气,20201231
1,SH601162,天风证券,20201231
1,SH601166,兴业银行,20201231
1,SH601168,西部矿业,20201231
1,SH601177,杭齿前进,20201231
1,SH601179,中国西电,20201231
1,SH601186,中国铁建,20201231
1,SH601187,厦门银行,20201231
1,SH601200,上海环境,20201231
1,SH601208,东材科技,20201231
1,SH601212,白银有色,20201231
1,SH601226,华电重工,20201231
1,SH601228,广州港,20201231
1,SH601231,环旭电子,20201231
1,SH601233,桐昆股份,20201231
1,SH601238,广汽集团,20201231
1,SH601258,庞大集团,20201231
1,SH601288,农业银行,20201231
1,SH601311,骆驼股份,20201231
1,SH601319,中国人保,20201231
1,SH601330,绿色动力,20201231
1,SH601333,广深铁路,20201231
1,SH601336,新华保险,20201231
1,SH601339,百隆东方,20201231
1,SH601366,利群股份,20201231
1,SH601368,绿城水务,20201231
1,SH601369,陕鼓动力,20201231
1,SH601375,中原证券,20201231
1,SH601388,怡球资源,20201231
1,SH601390,中国中铁,20201231
1,SH601399,国机重装,20201231
1,SH601456,国联证券,20201231
1,SH601500,通用股份,20201231
1,SH601512,中新集团,20201231
1,SH601518,吉林高速,20201231
1,SH601519,大智慧,20201231
1,SH601555,东吴证券,20201231
1,SH601579,会稽山,20201231
1,SH601588,北辰实业,20201231
1,SH601595,上海电影,20201231
1,SH601598,中国外运,20201231
1,SH601599,浙文影业,20201231
1,SH601600,中国铝业,20201231
1,SH601601,中国太保,20201231
1,SH601606,长城军工,20201231
1,SH601607,上海医药,20201231
1,SH601608,中信重工,20201231
1,SH601609,金田铜业,20201231
1,SH601611,中国核建,20201231
1,SH601615,明阳智能,20201231
1,SH601616,广电电气,20201231
1,SH601618,中国中冶,20201231
1,SH601628,中国人寿,20201231
1,SH601633,长城汽车,20201231
1,SH601636,旗滨集团,20201231
1,SH601666,平煤股份,20201231
1,SH601668,中国建筑,20201231
1,SH601669,中国电建,20201231
1,SH601677,明泰铝业,20201231
1,SH601678,滨化股份,20201231
1,SH601686,友发集团,20201231
1,SH601689,拓普集团,20201231
1,SH601699,潞安环能,20201231
1,SH601700,风范股份,20201231
1,SH601702,华峰铝业,20201231
1,SH601717,郑煤机,20201231
1,SH601718,际华集团,20201231
1,SH601727,上海电气,20201231
1,SH601766,中国中车,20201231
1,SH601777,力帆科技,20201231
1,SH601789,宁波建工,20201231
1,SH601798,蓝科高新,20201231
1,SH601800,中国交建,20201231
1,SH601801,皖新传媒,20201231
1,SH601808,中海油服,20201231
1,SH601816,京沪高铁,20201231
1,SH601828,美凯龙,20201231
1,SH601838,成都银行,20201231
1,SH601857,中国石油,20201231
1,SH601866,中远海发,20201231
1,SH601869,长飞光纤,20201231
1,SH601878,浙商证券,20201231
1,SH601882,海天精工,20201231
1,SH601886,江河集团,20201231
1,SH601890,亚星锚链,20201231
1,SH601898,中煤能源,20201231
1,SH601899,紫金矿业,20201231
1,SH601918,新集能源,20201231
1,SH601919,中远海控,20201231
1,SH601929,吉视传媒,20201231
1,SH601933,永辉超市,20201231
1,SH601952,苏垦农发,20201231
1,SH601956,东贝集团,20201231
1,SH601958,金钼股份,20201231
1,SH601968,宝钢包装,20201231
1,SH601969,海南矿业,20201231
1,SH601985,中国核电,20201231
1,SH601989,中国重工,20201231
1,SH601990,南京证券,20201231
1,SH601991,大唐发电,20201231
1,SH601992,金隅集团,20201231
1,SH601995,中金公司,20201231
1,SH601996,丰林集团,20201231
1,SH601999,出版传媒,20201231
1,SH603001,奥康国际,20201231
1,SH603002,宏昌电子,20201231
1,SH603003,龙宇燃油,20201231
1,SH603006,联明股份,20201231
1,SH603007,ST花王,20201231
1,SH603008,喜临门,20201231
1,SH603009,北特科技,20201231
1,SH603011,合锻智能,20201231
1,SH603013,亚普股份,20201231
1,SH603015,弘讯科技,20201231
1,SH603018,华设集团,20201231
1,SH603019,中科曙光,20201231
1,SH603020,爱普股份,20201231
1,SH603021,山东华鹏,20201231
1,SH603022,新通联,20201231
1,SH603023,威帝股份,20201231
1,SH603026,石大胜华,20201231
1,SH603028,赛福天,20201231
1,SH603029,天鹅股份,20201231
1,SH603030,全筑股份,20201231
1,SH603031,安德利,20201231
1,SH603032,*ST德新,20201231
1,SH603035,常熟汽饰,20201231
1,SH603038,华立股份,20201231
1,SH603042,华脉科技,20201231
1,SH603045,福达合金,20201231
1,SH603050,科林电气,20201231
1,SH603053,成都燃气,20201231
1,SH603055,台华新材,20201231
1,SH603056,德邦股份,20201231
1,SH603059,倍加洁,20201231
1,SH603068,博通集成,20201231
1,SH603069,海汽集团,20201231
1,SH603077,和邦生物,20201231
1,SH603078,江化微,20201231
1,SH603081,大丰实业,20201231
1,SH603083,剑桥科技,20201231
1,SH603085,天成自控,20201231
1,SH603086,先达股份,20201231
1,SH603090,宏盛股份,20201231
1,SH603093,南华期货,20201231
1,SH603098,森特股份,20201231
1,SH603099,长白山,20201231
1,SH603100,川仪股份,20201231
1,SH603101,汇嘉时代,20201231
1,SH603103,横店影视,20201231
1,SH603106,恒银科技,20201231
1,SH603108,润达医疗,20201231
1,SH603109,神驰机电,20201231
1,SH603111,康尼机电,20201231
1,SH603116,红蜻蜓,20201231
1,SH603117,万林物流,20201231
1,SH603118,共进股份,20201231
1,SH603121,华培动力,20201231
1,SH603123,翠微股份,20201231
1,SH603126,中材节能,20201231
1,SH603128,华贸物流,20201231
1,SH603129,春风动力,20201231
1,SH603133,碳元科技,20201231
1,SH603138,海量数据,20201231
1,SH603139,康惠制药,20201231
1,SH603157,*ST拉夏,20201231
1,SH603159,上海亚虹,20201231
1,SH603161,科华控股,20201231
1,SH603167,渤海轮渡,20201231
1,SH603168,莎普爱思,20201231
1,SH603169,兰石重装,20201231
1,SH603177,德创环保,20201231
1,SH603178,圣龙股份,20201231
1,SH603179,新泉股份,20201231
1,SH603186,华正新材,20201231
1,SH603188,亚邦股份,20201231
1,SH603192,汇得科技,20201231
1,SH603196,日播时尚,20201231
1,SH603197,保隆科技,20201231
1,SH603200,上海洗霸,20201231
1,SH603212,赛伍技术,20201231
1,SH603214,爱婴室,20201231
1,SH603220,中贝通信,20201231
1,SH603221,爱丽家居,20201231
1,SH603222,济民医疗,20201231
1,SH603223,恒通股份,20201231
1,SH603225,新凤鸣,20201231
1,SH603227,雪峰科技,20201231
1,SH603233,大参林,20201231
1,SH603236,移远通信,20201231
1,SH603260,合盛硅业,20201231
1,SH603266,天龙股份,20201231
1,SH603268,松发股份,20201231
1,SH603269,海鸥股份,20201231
1,SH603278,大业股份,20201231
1,SH603283,赛腾股份,20201231
1,SH603286,日盈电子,20201231
1,SH603289,泰瑞机器,20201231
1,SH603290,斯达半导,20201231
1,SH603298,杭叉集团,20201231
1,SH603299,苏盐井神,20201231
1,SH603300,华铁应急,20201231
1,SH603303,得邦照明,20201231
1,SH603308,应流股份,20201231
1,SH603313,梦百合,20201231
1,SH603315,福鞍股份,20201231
1,SH603316,诚邦股份,20201231
1,SH603318,水发燃气,20201231
1,SH603320,迪贝电气,20201231
1,SH603321,梅轮电梯,20201231
1,SH603322,ST超讯,20201231
1,SH603328,依顿电子,20201231
1,SH603329,上海雅仕,20201231
1,SH603330,上海天洋,20201231
1,SH603331,百达精工,20201231
1,SH603332,苏州龙杰,20201231
1,SH603333,尚纬股份,20201231
1,SH603335,迪生力,20201231
1,SH603336,宏辉果蔬,20201231
1,SH603337,杰克股份,20201231
1,SH603339,四方科技,20201231
1,SH603345,安井食品,20201231
1,SH603348,文灿股份,20201231
1,SH603353,和顺石油,20201231
1,SH603355,莱克电气,20201231
1,SH603356,华菱精工,20201231
1,SH603358,华达科技,20201231
1,SH603363,傲农生物,20201231
1,SH603365,水星家纺,20201231
1,SH603366,日出东方,20201231
1,SH603368,柳药股份,20201231
1,SH603377,东方时尚,20201231
1,SH603378,亚士创能,20201231
1,SH603379,三美股份,20201231
1,SH603385,惠达卫浴,20201231
1,SH603386,广东骏亚,20201231
1,SH603388,元成股份,20201231
1,SH603389,亚振家居,20201231
1,SH603390,通达电气,20201231
1,SH603396,金辰股份,20201231
1,SH603398,沐邦高科,20201231
1,SH603399,吉翔股份,20201231
1,SH603408,建霖家居,20201231
1,SH603421,鼎信通讯,20201231
1,SH603458,勘设股份,20201231
1,SH603477,巨星农牧,20201231
1,SH603486,科沃斯,20201231
1,SH603496,恒为科技,20201231
1,SH603499,翔港科技,20201231
1,SH603506,南都物业,20201231
1,SH603507,振江股份,20201231
1,SH603508,思维列控,20201231
1,SH603518,锦泓集团,20201231
1,SH603519,立霸股份,20201231
1,SH603527,众源新材,20201231
1,SH603536,惠发食品,20201231
1,SH603555,ST贵人,20201231
1,SH603557,ST起步,20201231
1,SH603558,健盛集团,20201231
1,SH603559,中通国脉,20201231
1,SH603565,中谷物流,20201231
1,SH603569,长久物流,20201231
1,SH603577,汇金通,20201231
1,SH603578,三星新材,20201231
1,SH603579,荣泰健康,20201231
1,SH603588,高能环境,20201231
1,SH603595,东尼电子,20201231
1,SH603598,引力传媒,20201231
1,SH603600,永艺股份,20201231
1,SH603602,纵横通信,20201231
1,SH603603,博天环境,20201231
1,SH603606,东方电缆,20201231
1,SH603608,天创时尚,20201231
1,SH603609,禾丰股份,20201231
1,SH603611,诺力股份,20201231
1,SH603612,索通发展,20201231
1,SH603613,国联股份,20201231
1,SH603615,茶花股份,20201231
1,SH603616,韩建河山,20201231
1,SH603618,杭电股份,20201231
1,SH603619,中曼石油,20201231
1,SH603626,科森科技,20201231
1,SH603628,清源股份,20201231
1,SH603629,利通电子,20201231
1,SH603633,徕木股份,20201231
1,SH603636,南威软件,20201231
1,SH603637,镇海股份,20201231
1,SH603648,畅联股份,20201231
1,SH603656,泰禾智能,20201231
1,SH603660,苏州科达,20201231
1,SH603661,恒林股份,20201231
1,SH603665,康隆达,20201231
1,SH603667,五洲新春,20201231
1,SH603668,天马科技,20201231
1,SH603676,卫信康,20201231
1,SH603677,奇精机械,20201231
1,SH603679,华体科技,20201231
1,SH603680,今创集团,20201231
1,SH603681,永冠新材,20201231
1,SH603685,晨丰科技,20201231
1,SH603686,福龙马,20201231
1,SH603689,皖天然气,20201231
1,SH603690,至纯科技,20201231
1,SH603698,航天工程,20201231
1,SH603703,盛洋科技,20201231
1,SH603707,健友股份,20201231
1,SH603708,家家悦,20201231
1,SH603709,中源家居,20201231
1,SH603711,香飘飘,20201231
1,SH603713,密尔克卫,20201231
1,SH603716,塞力医疗,20201231
1,SH603717,天域生态,20201231
1,SH603718,海利生物,20201231
1,SH603719,良品铺子,20201231
1,SH603721,中广天择,20201231
1,SH603722,阿科力,20201231
1,SH603725,天安新材,20201231
1,SH603726,朗迪集团,20201231
1,SH603727,博迈科,20201231
1,SH603728,鸣志电器,20201231
1,SH603729,ST龙韵,20201231
1,SH603730,岱美股份,20201231
1,SH603737,三棵树,20201231
1,SH603738,泰晶科技,20201231
1,SH603766,隆鑫通用,20201231
1,SH603767,中马传动,20201231
1,SH603768,常青股份,20201231
1,SH603773,沃格光电,20201231
1,SH603777,来伊份,20201231
1,SH603778,乾景园林,20201231
1,SH603779,威龙股份,20201231
1,SH603787,新日股份,20201231
1,SH603789,星光农机,20201231
1,SH603790,雅运股份,20201231
1,SH603797,联泰环保,20201231
1,SH603799,华友钴业,20201231
1,SH603800,道森股份,20201231
1,SH603803,瑞斯康达,20201231
1,SH603813,原尚股份,20201231
1,SH603815,交建股份,20201231
1,SH603816,顾家家居,20201231
1,SH603817,海峡环保,20201231
1,SH603818,曲美家居,20201231
1,SH603819,神力股份,20201231
1,SH603822,嘉澳环保,20201231
1,SH603825,华扬联众,20201231
1,SH603828,柯利达,20201231
1,SH603829,洛凯股份,20201231
1,SH603838,四通股份,20201231
1,SH603839,安正时尚,20201231
1,SH603843,正平股份,20201231
1,SH603855,华荣股份,20201231
1,SH603856,东宏股份,20201231
1,SH603859,能科科技,20201231
1,SH603861,白云电器,20201231
1,SH603863,ST松炀,20201231
1,SH603867,新化股份,20201231
1,SH603869,新智认知,20201231
1,SH603876,鼎胜新材,20201231
1,SH603877,太平鸟,20201231
1,SH603878,武进不锈,20201231
1,SH603879,永悦科技,20201231
1,SH603880,南卫股份,20201231
1,SH603881,数据港,20201231
1,SH603882,金域医学,20201231
1,SH603883,老百姓,20201231
1,SH603885,吉祥航空,20201231
1,SH603887,城地香江,20201231
1,SH603889,新澳股份,20201231
1,SH603890,春秋电子,20201231
1,SH603895,天永智能,20201231
1,SH603897,长城科技,20201231
1,SH603899,晨光文具,20201231
1,SH603900,莱绅通灵,20201231
1,SH603901,永创智能,20201231
1,SH603903,中持股份,20201231
1,SH603908,牧高笛,20201231
1,SH603909,合诚股份,20201231
1,SH603918,金桥信息,20201231
1,SH603922,金鸿顺,20201231
1,SH603927,中科软,20201231
1,SH603928,兴业股份,20201231
1,SH603929,亚翔集成,20201231
1,SH603933,睿能科技,20201231
1,SH603936,博敏电子,20201231
1,SH603937,丽岛新材,20201231
1,SH603938,三孚股份,20201231
1,SH603939,益丰药房,20201231
1,SH603948,建业股份,20201231
1,SH603955,大千生态,20201231
1,SH603958,哈森股份,20201231
1,SH603959,百利科技,20201231
1,SH603963,大理药业,20201231
1,SH603967,中创物流,20201231
1,SH603969,银龙股份,20201231
1,SH603970,中农立华,20201231
1,SH603978,深圳新星,20201231
1,SH603979,金诚信,20201231
1,SH603982,泉峰汽车,20201231
1,SH603991,至正股份,20201231
1,SH603993,洛阳钼业,20201231
1,SH603995,甬金股份,20201231
1,SH603996,*ST中新,20201231
1,SH603997,继峰股份,20201231
1,SH603998,方盛制药,20201231
1,SH603999,读者传媒,20201231
1,SH605001,威奥股份,20201231
1,SH605006,山东玻纤,20201231
1,SH605050,福然德,20201231
1,SH605066,天正电气,20201231
1,SH605088,冠盛股份,20201231
1,SH605136,丽人丽妆,20201231
1,SH605158,华达新材,20201231
1,SH605166,聚合顺,20201231
1,SH605168,三人行,20201231
1,SH605178,时空科技,20201231
1,SH605179,一鸣食品,20201231
1,SH605188,国光连锁,20201231
1,SH605218,伟时电子,20201231
1,SH605222,起帆电缆,20201231
1,SH605266,健之佳,20201231
1,SH605299,舒华体育,20201231
1,SH605333,沪光股份,20201231
1,SH688005,容百科技,20201231
1,SH688007,光峰科技,20201231
1,SH688010,福光股份,20201231
1,SH688011,新光光电,20201231
1,SH688022,瀚川智能,20201231
1,SH688023,安恒信息,20201231
1,SH688025,杰普特,20201231
1,SH688027,国盾量子,20201231
1,SH688030,山石网科,20201231
1,SH688036,传音控股,20201231
1,SH688037,芯源微,20201231
1,SH688051,佳华科技,20201231
1,SH688055,龙腾光电,20201231
1,SH688066,航天宏图,20201231
1,SH688069,德林海,20201231
1,SH688077,大地熊,20201231
1,SH688078,龙软科技,20201231
1,SH688081,兴图新科,20201231
1,SH688086,紫晶存储,20201231
1,SH688090,瑞松科技,20201231
1,SH688096,京源环保,20201231
1,SH688099,晶晨股份,20201231
1,SH688108,赛诺医疗,20201231
1,SH688118,普元信息,20201231
1,SH688122,西部超导,20201231
1,SH688126,沪硅产业-U,20201231
1,SH688133,泰坦科技,20201231
1,SH688158,优刻得-W,20201231
1,SH688159,有方科技,20201231
1,SH688165,埃夫特-U,20201231
1,SH688177,百奥泰-U,20201231
1,SH688178,万德斯,20201231
1,SH688180,君实生物-U,20201231
1,SH688185,康希诺-U,20201231
1,SH688186,广大特材,20201231
1,SH688189,南新制药,20201231
1,SH688218,江苏北人,20201231
1,SH688219,会通股份,20201231
1,SH688221,前沿生物-U,20201231
1,SH688256,寒武纪-U,20201231
1,SH688266,泽璟制药-U,20201231
1,SH688277,天智航-U,20201231
1,SH688309,恒誉环保,20201231
1,SH688313,仕佳光子,20201231
1,SH688335,复洁环保,20201231
1,SH688336,三生国健,20201231
1,SH688339,亿华通-U,20201231
1,SH688360,德马科技,20201231
1,SH688368,晶丰明源,20201231
1,SH688379,华光新材,20201231
1,SH688408,中信博,20201231
1,SH688418,震有科技,20201231
1,SH688466,金科环境,20201231
1,SH688518,联赢激光,20201231
1,SH688519,南亚新材,20201231
1,SH688520,神州细胞-U,20201231
1,SH688521,芯原股份-U,20201231
1,SH688528,秦川物联,20201231
1,SH688529,豪森股份,20201231
1,SH688556,高测股份,20201231
1,SH688557,兰剑智能,20201231
1,SH688559,海目星,20201231
1,SH688561,奇安信-U,20201231
1,SH688567,孚能科技,20201231
1,SH688578,艾力斯-U,20201231
1,SH688585,上纬新材,20201231
1,SH688590,新致软件,20201231
1,SH688596,正帆科技,20201231
1,SH688599,天合光能,20201231
1,SH688699,明微电子,20201231
1,BJ830964,润农节水,20201231
1,BJ831370,新安洁,20201231
1,BJ831856,浩淼科技,20201231
1,BJ833266,生物谷,20201231
1,BJ833819,颖泰生物,20201231
1,BJ833994,翰博高新,20201231
1,BJ834021,流金岁月,20201231
1,BJ834415,恒拓开源,20201231
1,BJ834682,球冠电缆,20201231
1,BJ835184,国源科技,20201231
1,BJ835368,连城数控,20201231
1,BJ836149,旭杰科技,20201231
1,BJ836263,中航泰达,20201231
1,BJ836675,秉扬科技,20201231
1,BJ837242,建邦科技,20201231
1,BJ838030,德众汽车,20201231
1,BJ839167,同享科技,20201231
