code,name,ann_date,M_8v,M_5v,DSRI,GMI,AQI,SGI,DEPI,SGAI,TATA,LVGI
SH603936,博敏电子,20191231,-0.9946585566475508,-0.5384322445461812,1.3508816759665685,3.2877615093975567,0.870448379673666,1.1330792759591968,1.004546529064667,1.0998436048396814,-0.0127799214637095,1.1080371049656974
SH600328,中盐化工,20191231,-0.99039463023338,-0.3963135960702585,0.5401565996940016,3.625466603597344,0.6110944925282381,2.0482112479972416,1.0141895386833348,0.851500278901649,-0.0592166465658398,1.004803475664046
SZ002759,天际股份,20191231,-0.9903424248585764,-0.7995727779295914,2.2390791578904863,2.424067010317081,1.0250899476286768,0.7108371625209318,1.0178670963359822,1.5154124071289867,-0.0043783932001161,1.1447186533486495
SH603661,恒林股份,20191231,-0.9850429391892768,-0.6895020018228236,1.0128459192663122,2.571696859715084,2.040726482815481,1.3100968423611024,0.58390851809949,1.458145065375029,0.0545076044394715,1.5265034213964226
SH688388,嘉元科技,20191231,-0.9818003566949564,-1.2069005918040858,0.4209376704887717,3.2121288708955467,0.6378071527294256,1.557421727507207,0.9961488613184424,0.7778661024829036,0.0409590970992314,0.13569753140201
SZ002028,思源电气,20191231,-0.9816878788193142,-0.5401128067979293,0.690281429298652,3.666921401127219,0.8864028029332537,1.3907409286721302,1.044454948324142,0.8706490211450513,0.0157883732377316,1.087961529447994
SH603519,立霸股份,20191231,-0.9782855807074716,-0.5636026777682226,0.6328615291586184,0.6709210945973795,5.766707931729541,1.1621637814518435,1.119332123480556,0.8444196544111648,0.0211156223727809,1.600757289536338
SZ002712,思美传媒,20191231,-0.974323976764851,-0.2871906873338149,2.234145017673619,3.12856718016641,0.9255691722666596,0.6027685716828246,1.1549393723300538,1.518583969171175,-0.0444728409201164,1.274475651818179
SH600687,*ST刚泰,20191231,-0.974164620882939,1.5657749087139707,1.585293190895861,6.104734987912128,0.8708918577441367,0.2330585032646692,1.0434289259369085,3.638342006480748,-0.0852045100671874,1.4409496156854344
SZ300478,杭州高新,20191231,-0.9653672802500372,-0.8832532856983453,1.0187817056899582,1.5195572972384266,3.668697565047558,0.9029540210656904,1.3421941125561034,0.9170222051748468,0.0642655921254122,1.3757942345724157
SZ002878,元隆雅图,20191231,-0.9587783707376982,-1.5347525179680688,0.6133357802846989,2.275837344995178,0.8100411786248887,1.8712969280508127,1.322328822009362,0.6892983327111818,0.102884180754887,1.2111513327208725
SZ002121,*ST科陆,20191231,-0.9582825149845072,1.142755772425784,0.9171011862392474,5.68882541160749,0.991860115800106,0.7416653474380926,1.672510004223577,1.4829523035684211,-0.1204487658713706,1.228389844376732
SH600066,宇通客车,20191231,-0.9521709935299276,-0.2273853653261756,0.6674994984418123,4.05494929920008,1.0875511388263055,1.2022461652334673,1.0051416503228474,0.884802765270549,-0.0067785989430017,0.9502940405333532
SZ000948,南天信息,20191231,-0.9502949706042222,-0.5216113321879223,0.8660971308965234,3.585857201169873,0.800505030109106,1.3835043091647392,1.0760003018552953,0.7905333961876111,0.0147742117400247,1.268573811885043
SZ300456,赛微电子,20191231,-0.9417630379057788,-0.720689967455025,0.7678776708612585,3.60085851120087,0.9923532772044844,1.1125704288822476,0.596172031657379,0.7239090026183562,0.0218076380172052,0.4552682233593806
SH600306,*ST商城,20191231,-0.9401205822664844,1.15881490301072,0.3631437176247041,6.056419393013059,1.0504916198547547,0.9821594765806304,1.0344091406876237,0.9661544594191956,-0.114098993068901,1.0746067434646438
SH600247,*ST成城,20191231,-0.9359321033843728,4.4374005046835645,2.137857392560617,8.716726700593583,1.0020882821237638,0.3505594540711285,0.0,2.7653255165324926,-0.5451448244901264,1.089806357278622
SH600526,菲达环保,20191231,-0.93459529383587,0.2039631868231897,0.994262213664905,4.536563323552866,1.052301376694868,0.8273206689220601,1.152853998513107,0.9517057117881432,-0.0489619145346621,0.9404091357812332
SH600383,金地集团,20191231,-0.9300199836278706,-1.7153238327142062,2.179553742473824,1.0186953718963545,1.0504636332916966,1.2693383251153156,0.9338777256269456,1.2058777323261092,0.0500551518705225,0.9905526024677472
SZ002211,宏达新材,20191231,-0.9290285016837264,-0.8252105522773303,2.6720244090139924,0.906428503462015,2.2381298215564103,1.0571921039739722,1.2548730115446702,1.3898250181845504,-0.0928399882673295,1.051887463471486
SZ002929,润建股份,20191231,-0.9270599650925264,-0.7897395203590755,1.1156204884965542,0.7575092008285095,4.742901552022467,1.1196010227347435,0.5187563365186709,0.7067128326329398,0.0089295869135485,1.2479997568763073
SZ002182,云海金属,20191231,-0.9128007995044024,-0.9735668630876442,1.073523246634312,2.9494837064392057,1.0006762967639664,1.1304898867964923,1.2311119073297148,0.9099223648450052,0.0526891267757638,0.8013560645148602
SH603659,璞泰来,20191231,-0.9113910595015374,-0.6798791578494909,1.0492262025262449,3.2014967219230823,1.0931569150571128,1.2287956843465673,0.8575989822779557,1.2595486083087648,0.0411984200498046,1.038347121917967
SZ000545,金浦钛业,20191231,-0.9060136274570936,-1.5553910916546485,1.7438806714667203,2.2009073964844577,0.911879773830522,0.7526196773107716,0.0,1.3807392839866186,0.1448867789682353,0.9560771048491874
SZ002310,东方园林,20191231,-0.90347264930239,-0.8330020525031535,2.104208355065084,2.588648723407228,1.0508182523564376,0.5107793180897414,1.5472404967628248,1.513857796414684,0.0365870225138135,1.0245760920362896
SZ002100,天康生物,20191231,-0.8864845370371682,-1.95389915488914,0.9995763234018672,1.714076435632328,1.0143437795191523,1.460043564290442,0.8143848917488816,1.1909645652802978,0.173879906167134,0.8736186456651298
SZ300084,海默科技,20191231,-0.8814727884284979,-0.2327218058080093,0.9383301660913402,4.002794390085316,0.9371724428009544,1.084478347488736,0.9363225827208602,1.0788231596832163,0.0085483187975186,0.9978636980125132
SZ002601,龙蟒佰利,20191231,-0.8736091947980309,-0.5579075269690303,1.1874969659162864,3.226347116660449,1.0571764825004997,1.2290038336831193,0.9215942010645536,0.8490132183750746,0.0138339977870412,1.1549563755986318
SZ300245,天玑科技,20191231,-0.8684213881555617,-0.5303968794621182,0.7212027335595048,2.730714109571336,2.4076660238111787,1.306888419023845,0.9555265325855548,0.736730254014222,0.0103549326157387,0.929067808987438
SZ300336,新文化,20191231,-0.8672153417725297,-0.1727934519724229,0.3357663591295021,4.146420369446007,1.5494812459366611,1.1330576891815944,1.1959741846941263,0.8545949510901804,0.0371967879891305,0.9990785932752688
SZ002461,珠江啤酒,20191231,-0.8639602664256976,-0.9232712852124666,1.655162753111474,1.2630490647359895,2.9765886137423045,1.059494133733372,1.03208387373804,1.0122838591495016,-0.0041679379907831,0.8754908640923584
SZ002230,科大讯飞,20191231,-0.8618706784881038,-0.3561941296505765,1.2243030547170557,3.482861818443541,0.901442619423242,1.2259575104347415,1.2351835561471638,0.7624822916627023,-0.0346454745291292,0.898197021375864
SZ300571,平治信息,20191231,-0.854368758797497,-2.1794442460046093,3.0242046135708742,-0.3633664618187763,0.781072920886376,1.553786945640597,1.3888213955555488,0.9483171077126642,0.0430686092498406,1.5426081579027835
SZ300572,安车检测,20191231,-0.8411722813797754,-1.99156207690638,1.1919289481017497,1.0609161351672405,1.0088571251389018,1.955336668910099,1.2248758273687037,0.8257501222752789,0.119259561749564,1.1207841246724044
SH600234,ST山水,20191231,-0.8385080054098298,-3.228015889342391,0.9941852889616372,-0.0862455923233777,0.8467461067842522,2.2242506041340318,0.0,0.480665719442679,0.2590653478750787,0.9884710198762666
SH603977,国泰集团,20191231,-0.837648230816277,-0.9427042832441463,1.4689946324602288,2.1318629528332167,1.240582722772824,1.7348725545672097,0.0212721751889495,0.8440308525190905,-0.0014121278885894,1.1440804818731916
SH600538,国发股份,20191231,-0.8292402157332346,-0.6702290477243632,0.9509320123453616,2.1717336901074686,2.8276923208254243,1.0777110451213523,1.822643152117314,0.7106564363100087,0.0159035549876526,0.8448403503511469
SZ000665,湖北广电,20191231,-0.822332350121296,-0.5719550291132933,2.16837685737614,2.6206079652963243,0.9871163182444748,0.8950052583886671,1.0011332123740733,1.0607783041939234,-0.0318500980174407,1.0449834560101576
SH603386,广东骏亚,20191231,-0.8071987336219673,-0.7839316170928722,1.7467106075443184,1.692837212176003,2.23760533193795,1.19417139155063,1.184057841922335,1.3722589925730964,0.0054384050224626,1.1093834194384184
SZ002723,金莱特,20191231,-0.8011435743171267,-0.228287950248506,2.0008928076846195,3.222128259280616,0.6830622695187096,1.0618017530679251,0.9753390966777312,1.438353985331608,-0.0398947361960634,1.236797060822055
SZ300715,凯伦股份,20191231,-0.7926567869025303,-1.630343885368016,1.1067659464880264,1.2741221542865102,1.676535639862062,1.7623875454710085,1.0431361154004226,0.987938205759069,0.0980404832084262,0.9227973914737608
SZ300757,罗博特科,20191231,-0.7905554766527606,-1.843323322828444,1.2580814480132736,1.0752909877082302,1.6885247437678657,1.5361981863771088,1.0216143729555602,0.9292826386781012,0.1193163815201552,0.7465664135644623
SZ000612,焦作万方,20191231,-0.7858722820636156,1.161915344481581,1.0719393483493624,5.4434434272542696,1.0368195892528589,0.9464594148449832,1.1168607366999057,0.590523298174823,-0.1720733467233658,0.8900590591772297
SZ000603,盛达资源,20191231,-0.7856347203362948,-1.2782407081520577,3.49495373355374,0.6021278277467667,0.934828064365082,0.9551921519463245,1.1743807671087498,1.4495902609987448,-0.062663144445092,0.9209204778678276
SZ300523,辰安科技,20191231,-0.7790733199423796,-1.0067321943847032,1.1526094936916922,2.743745049236756,0.8420089127892366,1.3938409829570746,1.1695505386382663,1.0077095555925135,0.0757124379414926,1.0614066153212172
SZ300103,达刚控股,20191231,-0.7658271510980205,-2.32876993140152,0.1797411800293668,-1.7705891064475947,1.713621468059265,5.686524612024303,0.9256180420118114,0.3977671926684353,0.0386885864659432,3.486406817458302
SH601069,西部黄金,20191231,-0.7597672974356734,-1.962767874085072,0.5994167990500107,0.3035831534945709,0.9666143199685931,3.696747636347813,1.0289291236255227,0.2981623862681274,-0.0161632111042332,0.9509143379770256
SZ002333,ST罗普,20191231,-0.7528693353728959,1.0586813667049697,0.5814881673230617,6.123109844023491,0.8689366471080799,0.62478404488807,1.2554158354483136,1.1997647423628277,-0.0952370635462588,0.2495329831301045
SZ300696,爱乐达,20191231,-0.7523280664917124,-1.4132524594124714,0.5772138081790948,2.1291045806752367,0.7824413792812517,2.342124026577812,0.9760856205074382,0.9907034242479362,0.0846399464204332,0.9501287591405408
SH600358,*ST联合,20191231,-0.7522453331991731,-0.0546750751872223,1.7877314523433805,3.3118843067465127,0.9937188122800644,1.199937914815865,0.8301310001568372,0.8388139310904734,-0.0454885222657378,1.5773347910802042
SH600226,*ST瀚叶,20191231,-0.724196039527546,-0.9311470294099736,1.7783603338307203,2.556638650821445,0.9378320354129568,0.9424067159943204,1.1411942601430238,1.0197793434364872,0.0619346469527558,1.0254776550355265
SH601666,平煤股份,20191231,-0.7122348659720366,-0.8457859485126177,2.555508643415396,1.6381700952849971,1.26981541292364,1.0811135374317618,0.9690596768786268,0.9970100375395352,-0.0381621608798197,1.0000327708334156
SH603717,天域生态,20191231,-0.6862492173060016,-0.2580434342493903,1.7545164377554834,3.327879666434836,1.2366916617172896,0.6559302730482723,1.3483214814385225,1.4521843238688346,0.0287054052303832,1.0453574817872708
SZ300776,帝尔激光,20191231,-0.6733810489930105,-1.9848655188360973,2.261626332536803,0.5682911602594157,1.2454466322481197,1.234884990570175,0.7474937114872242,0.762302088936321,0.0856141765618618,0.5328666917969792
SZ300649,杭州园林,20191231,-0.6733122365537887,-0.3890554845715849,1.6888053453392904,2.8968452465215084,0.8689506836809139,1.20662663219091,2.6268866557198933,0.9769610009450892,0.0226904965164814,1.7863546880627603
SZ300178,腾邦国际,20191231,-0.6653901906379271,-0.433245058692113,0.5908429147842895,4.343133303082449,0.9594182265881188,0.7514144282642016,0.9618065085563684,1.5373858080729743,0.1776472012774352,1.2152762510483937
SZ000976,华铁股份,20191231,-0.6428962293776643,0.6916004998017136,0.6861609400934546,5.070876504753301,1.0537625183710366,1.2119634870327105,0.9702517682414282,0.824022653669617,0.0030475360948722,1.842461941691007
SH688066,航天宏图,20191231,-0.6355369193980293,-1.0096218382641025,0.9945483942698696,2.9812380274687875,0.8237484376116361,1.2980125564871785,1.0907042416828654,0.9999931832749316,0.0961173660909891,0.5455718838577174
SZ002304,洋河股份,20191231,-0.6290015998331581,-1.1046893307155952,2.961740270161556,0.992772562958139,1.3289334972995366,1.0018701081721353,1.0929724620871444,1.0621124020562336,-0.0189940951477041,0.9867858098241176
SH600162,香江控股,20191231,-0.6167876268248291,-1.3425182861173108,0.6281245223432386,2.5353039539547155,0.9814745542679748,1.6847834298321325,1.107903923744709,0.6404249601980507,0.1536497827490195,1.005591455542695
SH601890,亚星锚链,20191231,-0.6161134657961838,0.2587385031950454,0.9892761851874126,4.231076934858754,1.25536764483733,1.1538437131066317,0.9763508796054524,0.96698078033185,-0.0156636322040286,1.0071034257930294
SZ300450,先导智能,20191231,-0.600128966692481,-1.5262265864214328,2.0349278311608727,1.3874681464661915,0.9266147302967424,1.2457764294067066,1.5353031110675068,0.9415084166040792,0.0938105428920184,0.9296349207153368
SH600871,石化油服,20191231,-0.598075505656889,0.0458375741656237,0.6770917597124627,4.21054618754897,1.561681446899042,1.1335552468504444,0.0,0.9364775977647743,0.0506010905723801,0.9844258480998334
SZ002458,益生股份,20191231,-0.5974810125634602,-0.8210111517270177,0.6144121336993046,2.557955599153235,0.88190364572451,2.507024301380973,0.9375196579517102,0.5576565499289161,-0.0298861108408443,0.4218844130783505
SZ300393,中来股份,20191231,-0.5972303528951699,0.2871107274371683,1.4930301410784026,4.317677572710944,1.0457921825447916,0.6837686881227506,0.9449918394434984,1.779475966995781,0.019914589266219,1.0359575260600475
SZ002243,通产丽星,20191231,-0.5821059081310985,0.2226493920776557,0.8327709356778565,2.129331037309917,4.011024542491197,1.662937881911337,0.955523151255018,1.6542990132881283,0.0069464066682923,1.8170777718514608
SZ300417,南华仪器,20191231,-0.5771608113105948,-1.118434035140203,0.4951622050866985,1.5512964767785766,0.7288485405580731,3.556295046703094,1.4159077483644764,0.6504439498156344,0.0066914355313299,1.7147609489871112
SZ300682,朗新科技,20191231,-0.5676566751000525,-2.3690696102706457,0.6747921178195511,-1.0647237804677714,2.550663950625346,3.4056651097680803,1.4094450041413205,0.4477078314398317,0.051363239389467,0.5505254035007368
SZ002845,同兴达,20191231,-0.5660576208606058,0.4855829303386453,1.4424251984734588,4.146046101929144,0.9413120716405388,1.284768472939918,1.1941324305273306,1.407418636067557,-0.0701869875245794,1.0255321393256165
SZ300235,方直科技,20191231,-0.5646870130805166,0.4226277338737626,0.5159057358963149,4.853231660763114,1.2081938716726524,1.1629023798516616,1.081770619852253,0.5799158074156383,-0.0007935887758861,0.9424793715493373
SZ300547,川环科技,20191231,-0.5584023797692037,-0.09047413006936,1.7266456167381157,4.165714345735908,0.3259539087059547,0.760213822023435,0.3831341295794798,1.1692655991861325,0.0185136738375411,0.7516264581236091
SH603185,上机数控,20191231,-0.5546562886328723,0.0682021397872327,0.9736676348029488,1.1298978651562184,5.546350719344386,1.3694392333573917,0.3487131179850598,1.0880049927973705,0.1172378633539338,3.2746274760372622
SZ300726,宏达电子,20191231,-0.551669472526993,-0.8153228495879632,0.8654082529821179,3.3516128973747032,0.5510494220657156,1.4960922944222157,0.9477980448651864,0.8992246758970821,0.1531419134212956,1.545920831886824
SZ300232,洲明科技,20191231,-0.5474107368154326,0.0558594118788264,0.8779215991129004,4.0425287609973575,1.105031505399472,1.3364400253948494,1.14287567696552,0.9977424806821114,0.0165546139620886,0.9950124145009884
SH600452,涪陵电力,20191231,-0.5464583495787347,-0.9140085585542604,3.5118040620010964,1.0725911679600406,0.7035075458145476,1.0681561596931446,0.990291206346074,0.922047497808744,-0.0862717927386947,0.8938353735178873
SZ002112,三变科技,20191231,-0.5357028337792726,0.4407307076644082,1.2391268464316203,4.608331389301446,0.902007262177544,0.9562948749338128,0.8432461920116564,1.0674958882790064,-0.0135061376874879,1.0290314050942235
SH603188,ST亚邦,20191231,-0.529366019254667,1.3841902570154578,1.3675937056201102,5.755780555790665,1.01116525572146,0.6163424956592051,0.6297653057316802,1.620495739001079,-0.0967351650933452,0.8745154033679388
SZ000816,智慧农业,20191231,-0.5217997818481368,0.6376528780119299,1.3896211744373232,4.775403155898578,1.0164242840787068,0.6919919997962911,1.248425494329788,1.8756550156555356,-0.0015593857539195,0.9884290716929572
SZ000980,*ST众泰,20191231,-0.515737337591351,0.3251342793566048,2.331191041492843,4.2090838136884425,0.7229309383474285,0.3199945196181895,0.0,3.366135544297688,0.0958853049927291,1.4984727474795962
SZ300108,吉药控股,20191231,-0.5152006654242807,0.8364981323147964,0.5468981483330969,5.205902656849128,0.8339829056579747,1.4804774589321683,1.6710182058112526,2.4104864891614097,0.0363147154458677,1.6270902845997923
SZ002119,康强电子,20191231,-0.5145881076105316,0.8107540906832995,1.375002536602347,4.819471694378492,1.1652117649178728,0.8009044100462659,1.0510898070391002,1.3034454130410953,-0.052563785692584,0.9790842391909848
SZ300609,汇纳科技,20191231,-0.5005456353820351,-0.3183832037691573,0.7227884891191547,3.3514081852911124,1.508691850341418,1.65952190094097,0.2883605942513514,0.8234378766777242,0.0739110465459114,1.2911912866094797
SH600209,ST罗顿,20191231,-0.499259629673446,0.0070156757864966,2.065659370715243,3.268865053349708,1.3106406737373626,0.7204445924160953,1.089883953873086,1.3834780145333858,0.0123965073253941,1.2328565794995392
SH601003,柳钢股份,20191231,-0.4858909388230376,-0.2908702126152308,0.685408082260831,-0.6303323302493636,7.58431526306339,1.6305656188104507,1.0701451140779967,0.3883492469277837,-0.0417578274404545,0.9879649707687262
SZ300533,冰川网络,20191231,-0.4601866617048231,-0.7777744290502924,1.806516936553049,2.0151612248707917,1.352374477569961,1.5161829948841192,0.8006055131094573,1.0066595758015895,0.0275771857152443,0.8958401509836303
SZ000599,青岛双星,20191231,-0.4555955669778527,0.5680772525782863,0.7603063961154599,4.816860223981292,1.3816892473771405,1.0156183172142266,0.8946697991679209,1.1482831423582611,0.0287666117975415,1.1085472403089918
SH603798,康普顿,20191231,-0.4509385825170063,-1.1574220618717463,3.5063882548391123,0.6418196388495806,0.9659348770830178,1.0532750632014036,1.0498524221711116,1.2214403663279236,-0.0121079406244911,1.0992288206667913
SH600101,明星电力,20191231,-0.4369058586466061,-1.1632453266459584,3.0903754836014943,1.0539151164476022,0.9538165834017104,1.0020236802739164,1.1164891788305833,0.6450960475547771,0.0053386819842978,0.9727368071362824
SZ000552,靖远煤电,20191231,-0.425902549667162,-1.3103417441802656,3.51760816632529,0.2817877711257589,1.2660135690005458,0.9015829794583258,1.9363174916368249,1.145563842895511,0.0046867789240935,1.0218240811618282
SZ000733,振华科技,20191231,-0.4258329228224653,0.6666832795236424,1.3486168794005309,4.739745284436505,1.288379377263932,0.6621040903899855,0.8301379116859949,1.5112136813897672,-0.0060194093016754,0.7572488367530105
SZ002339,积成电子,20191231,-0.3960783354294508,1.0079392671409546,0.8552614552231385,5.427082940811324,1.0105206199308552,1.044112935809755,0.97433871516505,0.9557394593600808,-0.0395141797245548,0.9504362522334522
SH603181,皇马科技,20191231,-0.3818343181807666,0.7507310461734521,1.1727843296014198,4.662221586163616,1.36077013067691,0.968021383089422,1.1733529596329428,1.086074353864966,-0.0042833823412502,1.2959142536269193
SH603321,梅轮电梯,20191231,-0.3706579325243969,0.7398246292604047,0.6105952328010902,4.341899367296549,2.3489137823368367,1.215761470167019,0.9713745687751194,0.8506262006188131,-0.0091100696241969,1.043190107700692
SZ300745,欣锐科技,20191231,-0.3641548343788668,-2.1059604440623567,0.3523026201642736,-0.1770490636163533,3.4534381533765277,2.33786067497462,0.9847291800914032,0.4252000069325864,0.2071409847652415,0.7482391364425509
SZ300711,广哈通信,20191231,-0.3448206275066781,0.692043729896131,0.8599884812460606,4.758728537380628,0.9234040829462072,1.4505597046455156,1.4040675284657835,0.8416213218017397,0.0148345703018781,1.7177157703677288
SZ002016,世荣兆业,20191231,-0.3298784048429622,-0.9484490432432136,0.609298451449004,2.38874126718462,1.1484012175230571,2.295313966618705,1.160343056899125,0.8143955609492476,0.1095562580062777,1.0062375095542135
SZ000698,沈阳化工,20191231,-0.3242071108874665,0.4841579634692825,1.436729237490448,4.301202491903492,1.0504932406935297,1.004860799580156,1.1814267132695833,1.088748209374668,0.0059171825799048,1.143895733560678
SZ300080,易成新能,20191231,-0.32042452797538,-0.9794478237606704,0.2517217840609881,0.0275015058585273,3.181868436759859,3.992765159277537,0.9701699200815008,0.3250943767254679,-0.0906763430859755,0.6266955157328765
SH600365,ST通葡,20191231,-0.3199524704537765,-2.622357971018426,0.5715766301068426,1.5690888393286682,1.4989590910811348,0.7898706025757296,0.8917758029342004,1.6143026975354096,0.5054427986553895,1.0222842075897507
SZ002062,宏润建设,20191231,-0.3195584299452696,0.0556074026761495,1.6586991286675827,3.442848401219045,0.9009135725177642,1.2530216567994266,1.902982166822916,0.7483897780819625,-0.0146064844577307,0.999468354440924
SZ002213,大为股份,20191231,-0.3185206654504817,-0.2062881422111992,2.358564544488055,-0.3660252240555714,5.4037845255852845,1.0309922227763275,2.8557611520259774,1.0052456857367005,-0.0560623833528809,1.379532483055764
SZ002482,广田集团,20191231,-0.3148604520602954,0.485258845751188,2.1520103131911044,4.224733580535492,0.7651386783479872,0.5697177285147661,0.8348680974234619,1.260986343411561,-0.0062517653610665,1.0781091150430857
SZ002417,深南股份,20191231,-0.3147210652766766,4.306402709442916,0.4004819260953632,8.740437954983951,0.8470125957750614,2.060836400888669,1.3371133487774245,0.3313286967184236,-0.4123661549635394,2.4645048807375805
SZ300491,通合科技,20191231,-0.3021387157546393,-0.4394927815596747,1.6797560322730094,1.0457192759553715,3.815852465595444,1.27505191068343,1.1087253065977123,1.1535217998629088,0.0394265616820076,1.0770008757579634
SZ002244,滨江集团,20191231,-0.2993541455704566,-1.3546700878122295,0.7749521721492028,2.2443740458539687,0.9509120378852668,1.9401796235565083,0.7863715926103011,0.7501451316381037,0.1952252029508619,1.061207409150415
SH600990,四创电子,20191231,-0.288950853427186,0.8552067940662995,0.9941544868242936,5.205820391043472,1.0970156749764035,0.8354234872537233,1.2711723504915358,1.2438174412260234,0.0173697670830791,0.9607326963139324
SZ000622,恒立实业,20191231,-0.2767431093681425,-3.744197609133244,0.5147266545147733,-6.100773955746529,10.62985917090219,1.426026802005126,0.9207089039698962,0.5003278069186223,0.4242404107331415,0.7963547960474859
SH600278,东方创业,20191231,-0.2766090092406597,0.6250065164878604,0.8666310216506816,4.794313054422021,1.220810043369192,1.1121418675098016,1.0446306882293457,0.9001012572766519,0.0216339738621897,0.969679271651338
SH600791,京能置业,20191231,-0.2692233609337391,0.6785164371835296,0.6432609000311518,5.315841524068466,0.7950085181767143,1.2356628508081715,0.3789717789122629,1.2609400326678994,0.0736688052175512,1.2922899893082078
SZ002524,光正眼科,20191231,-0.2685779308128623,1.787812608940464,0.6434955857012429,6.059409103863504,1.2348877386001724,1.229478911327159,2.052021358846087,0.9579600340665464,-0.1390757398801052,0.7218032272326407
SH600881,亚泰集团,20191231,-0.2631950607356469,1.3149549973229986,0.9081982870634272,5.749918806205784,0.919525330603514,1.070910674540549,1.027662560316826,1.08855692842491,-0.0473396064150998,1.0118732541154194
SZ300707,威唐工业,20191231,-0.2529668131798805,0.3644750912273836,1.0484662645660872,4.9075778106991015,0.5174569459384452,1.0144381210056876,0.8048388532105777,1.0362959881425338,0.0777139871775031,1.1028305042454123
SH603618,杭电股份,20191231,-0.2523091375990649,-0.4741691014981417,0.96758595572321,3.573534177058401,0.905444699917364,1.2367740884980414,1.244766018903304,0.8724819936665426,0.1439645675966063,0.9939076731066596
SZ300013,新宁物流,20191231,-0.2160078516897054,1.2205972892233576,0.9049975501167176,5.7690135371717,0.6974245478116319,0.9954943556501652,1.745007765853013,1.1521574154553749,-0.0043634595384349,1.2430379768013
SZ002922,伊戈尔,20191231,-0.21053783834001,0.6892512456763187,1.5405471137092457,4.427214270612044,1.0095634850114343,1.0889308277920595,0.896170951218795,1.0489450840723695,-0.0185815246472024,1.040667936624667
SZ300629,新劲刚,20191231,-0.2094503249381383,0.1043731310750921,1.1412853842354451,1.86143676732343,4.663462325226172,0.947138969886456,0.9261845643606068,1.6245601499684224,0.1133239449059283,1.4938466343527563
SH603679,华体科技,20191231,-0.1884682832378688,-0.2479811031691494,1.5251978800898505,3.528098614519232,0.760210387427214,1.150865315107659,0.8350327671584145,1.00280204371488,0.1260493429571128,1.4113607075960288
SZ300464,星徽精密,20191231,-0.1719066264547359,-0.5113832090009451,0.3733985741122336,1.7378672286135306,0.8538976191593851,4.259984356291208,1.037682091201091,3.7956720866483247,-0.0037807076992438,0.5709351851924679
SZ002387,维信诺,20191231,-0.1636378570091949,-1.200411750461182,3.1582363521603174,0.2977653651036603,1.0027484877757384,1.823800255531838,0.8718661164450525,0.4816578008701047,-0.022934004701128,1.004547047131996
SH600077,宋都股份,20191231,-0.1617863881700484,-0.2628190834560722,4.172211827047606,1.106214260090891,0.789959387305616,1.0820920241285077,1.139388460458232,1.1362524345721228,-0.1321898235651564,1.0573398963940648
SZ002271,东方雨虹,20191231,-0.1441396821526862,0.5389785245366626,0.8258799241126942,4.668486368650545,0.8609970103748095,1.5128649014734332,0.9283676213626968,0.8285636698732286,0.0252898116652958,0.9443689703670128
SZ300578,会畅通讯,20191231,-0.1383449110475392,-0.0866091624555561,1.8501923239864828,1.2950986028930909,2.6839473255304327,2.205965355310781,1.0193018400472214,0.8111658667872576,-0.0634985577535639,1.275104460805088
SZ300742,越博动力,20191231,-0.127054029408754,1.576967334613223,0.8206403043996039,5.924547266170514,1.5090847124063371,0.6681515512314804,2.1026976098311674,2.2207232694656804,0.0545295295569382,1.501085520135972
SH600316,洪都航空,20191231,-0.109968389799043,-0.2066943535384044,2.041991573684116,2.813707202476118,0.7186504923026943,1.2631851083480936,2.772564404253503,0.8508830557726992,0.0100283374890453,0.8279803303978603
SH603127,昭衍新药,20191231,-0.104436314825284,0.1359662870868346,2.216208019621183,2.5889908078530994,1.750089193050266,1.2388751683078725,0.9843460548424408,0.0,-0.0594777616742986,0.9704919662965632
SH603032,德新交运,20191231,-0.0801722430856425,-1.7930960705599717,1.8061602270280832,1.651407712484161,0.9745499924969292,0.723272827542944,1.8015318895915544,1.1652534493016948,0.3382665585664016,1.2298540820657875
SH600817,ST宏盛,20191231,-0.0744851987215099,-2.3989076106400886,0.0685675535211135,-0.3250139400428038,0.9340759312423762,4.615693782133806,0.3809762006929744,0.1710111740820595,0.1530676622116757,1.0737842511609097
SZ300628,亿联网络,20191231,-0.0591563334565357,0.3186237951383044,0.9059743897114592,1.128456898246614,5.851311060860988,1.4225869387465886,1.1757254992754314,1.0973694829325942,0.0447819820564047,1.3374648550742294
SH688101,三达膜,20191231,-0.0550852560852398,0.6401862733248579,0.7138488529385563,5.126647272465171,0.6310278709289474,1.430657144548257,0.6819209196356577,0.8520276316653003,0.0344481250526745,0.6202823353999861
SH603068,博通集成,20191231,-0.044756007028042,-0.1742297155352747,1.2879773121777698,0.5218374670207178,4.95324163144369,1.8275286982910808,1.0314939000078311,2.3221940693409904,0.0735923256834834,1.1010197102284218
SZ002937,兴瑞科技,20191231,-0.0416742085902114,-1.480827595926427,0.8463669751959527,1.8933809168451357,2.1795034101359447,1.0809561987326797,0.9786743562959358,0.802425627607565,0.3205629496232764,0.9150264255108048
SZ000065,北方国际,20191231,-0.0326688302807092,0.4662080056056941,2.043309100160334,3.739788882173336,1.240181099660439,0.8902808190561278,0.8182911174094634,1.5665236415206694,0.0380348679053237,1.0547765937803204
SH603396,金辰股份,20191231,-0.0216991756363443,0.7456545541417319,1.737910321943342,4.464574359724778,1.0742910646635455,0.7770563235763539,1.32005611142042,1.7656098857532605,0.0431715882202036,0.963734490089305
SZ300700,岱勒新材,20191231,-0.0209224471814553,0.7607580758964065,2.511164888092829,4.212441305002116,0.822242993179087,0.4566369742142234,1.192511637357894,2.0316578752773826,0.0291585665435391,1.1590095416424546
SZ300159,新研股份,20191231,-0.0206768558773615,1.6823044302907857,1.238019228812344,6.267341409070589,0.768982936504284,0.6724156124689972,1.0474244193734656,1.8199265707494816,0.0148074056192205,1.2721251742979711
SH600345,长江通信,20191231,-0.0167514822962608,-0.0133442739664371,1.7819262463194687,3.617957885460615,1.035681770380276,0.8257819258392793,0.9440714992809052,1.3699539363093665,0.1337456161717461,1.1625388041447668
SZ300766,每日互动,20191231,-0.0101218894419741,-0.317595697796564,2.5015770476623,0.2635460202065303,4.528624876126623,0.8981152211603831,1.1253320799548114,1.017302595334019,0.0257357251742699,0.9671648320437812
SZ000506,中润资源,20191231,-0.0019579678739424,1.0688142305315846,2.300294209003552,3.577119436547536,1.8492178927955407,1.0753476983610866,1.235433428569532,1.150164915246129,-0.10197896828128,1.0407607478802736
SH600695,绿庭投资,20191231,0.008678261084883,-0.7590489684084564,2.824914918505626,1.862709315108794,0.8727851934923152,0.918557977101947,1.095922662147735,1.034392214309789,0.0724691594909022,0.5899442159241776
SZ300604,长川科技,20191231,0.0096384959307035,-0.3446055076858458,1.2651455461068888,1.5208985930684904,2.496553848744909,1.8610678642004623,4.545827024398782,1.2336284665517396,0.0354098793449429,0.802076423246183
SZ300504,天邑股份,20191231,0.040595090111159,1.400601343639921,0.7674382700741087,5.502243222842904,1.7753073488285367,0.9251815414417136,1.2416342467684836,1.1071037260557042,-0.0002529891957033,0.6859357949874926
SZ002822,中装建设,20191231,0.047390814751704,0.5201006493886329,1.127225999460394,4.517662252201926,1.0966967948610236,1.1307429835954304,0.965492829413774,1.0866493840600393,0.0865792937378112,0.96606580161752
SZ002425,凯撒文化,20191231,0.0617059203006971,1.1153904609788836,0.7914165642877975,5.456802496967312,0.9878819476058776,1.2500473142914523,0.9634920284148262,0.868683616407585,0.0294049571414509,0.980762520287516
SZ000628,高新发展,20191231,0.0695795857649592,-0.6880577714826106,0.9995124179890073,1.9736212404888556,0.9948704099957169,2.8536739091969565,1.2168254075500538,0.5707116231880011,0.0666193198364236,1.079305647093408
SZ300603,立昂技术,20191231,0.0728789638330737,-1.80727015072684,0.5874474378748715,-0.3758059966676076,3.492405826432298,2.6145350530653,1.5805846052413144,0.7824866120557087,0.2035202989021362,0.5250622167476247
SZ000937,冀中能源,20191231,0.0740591265123786,1.9194255615754112,0.8052505028362816,6.555263521204918,0.9627043863274986,0.9949199344730352,0.9195733964497478,0.8915587560680686,-0.0448992911842798,0.9378308257376836
SZ002970,锐明技术,20191231,0.0748488113739511,0.5190922696757427,0.9051369942643228,4.798653451627804,0.6349870594053262,1.3951968318640595,1.0717854350236025,1.0241019189453218,0.0672192942301595,0.6551849067377238
SH603660,苏州科达,20191231,0.0761895490437672,0.2447459436928202,1.1241090778933451,3.2023338674579485,2.656847534249121,1.0854785495746924,1.2101960823823634,0.9825297573782052,0.1166927601124162,1.1211596650278095
SZ000933,神火股份,20191231,0.0801443750082838,-0.4507690326661927,3.7500394644602513,1.2251305903799523,1.0871299034618995,0.9051989278089628,1.1615374692229103,1.1692638259907455,-0.009085394518931,0.958262013933068
SH600455,博通股份,20191231,0.0859272563158238,2.40722708297388,0.5852308661615725,7.247194159769448,0.8656266956318013,1.118481786167058,1.022019627853714,0.8205036849542574,-0.0943452908309687,0.9827724856278198
SZ300531,优博讯,20191231,0.0936885845355431,0.368061673036431,0.6005646356787153,3.959083213665161,2.3459133538532657,1.276480640878587,0.4252742798811145,1.0228024161126104,0.1323002808225251,0.8795537746423661
SH603076,乐惠国际,20191231,0.1051675179691216,1.4456576393624805,0.5957980781571411,5.883132215212538,1.1799230822598452,1.2182149582825457,1.093864683999256,0.9018351258979618,0.0199219959946369,1.029024488847241
SZ002110,三钢闽光,20191231,0.1110319405534077,-0.5695885020725278,3.398738530648313,0.8107605823513911,1.4214495860108327,1.4129666588359904,1.0063915953618865,0.7236763188721467,-0.0177211005025061,1.0607543269848203
SH603078,江化微,20191231,0.1122501155494291,2.273594960947312,1.083532116907604,6.42617206936408,1.32039500094838,0.9768666738205682,1.320827039222065,1.5589627102728454,-0.0329341779308142,1.7494723023431855
SH600548,深高速,20191231,0.1220923883523763,-0.9910544304084472,4.33531410666693,0.2411564613975961,0.962336733480284,0.9539720065259468,0.3068289172479983,0.7763283992854388,0.0086738351399785,1.0268990427299496
SZ002853,皮阿诺,20191231,0.1233356905410107,-0.9509212424389984,3.310123935706699,0.9258492884111504,0.8733802105389324,1.2877858574918286,1.0258913878753144,0.9761010211752372,0.0814986563094343,1.2348553252784202
SZ000890,*ST胜尔,20191231,0.1285093435483065,3.404325120745768,1.015149583946888,8.319067199205229,1.009265688861578,0.604851336608035,0.6038240078006076,0.5895802550962721,-0.1931874639245189,1.1292792010254538
SH603813,原尚股份,20191231,0.1394648335852904,-0.1747272889995715,0.7967157297613119,4.225354583937796,0.484053295788748,1.4248869198649192,0.9132419290967364,0.7814659580458505,0.1853241283517868,0.8831798035250283
SZ300635,中达安,20191231,0.1424319749522155,0.6892752923385346,0.9475194586614528,4.0506746383497285,1.5987369846059694,1.2843978571683476,4.070946355647293,0.8905855127993458,0.0680814522785829,1.385767597398768
SZ002887,绿茵生态,20191231,0.1447272016886109,0.5227064298125986,0.6491921598402796,2.6729567291307164,3.7796505123119375,1.7420100456304537,1.3212012070430417,0.2027330329170043,0.0744400650162,1.7433505424491658
SH600038,中直股份,20191231,0.1637089110830791,1.7964534846554667,0.6362202468208179,6.376312439589886,0.9228507948034436,1.2607071055140022,1.0254919185188367,0.8393832338645246,-0.0184861922214674,1.0175838052456772
SZ000630,铜陵有色,20191231,0.1728867377745928,0.6222858941633398,1.0481009479301633,0.7770546254627461,4.471143580139716,1.0560746077039893,16.000875575709866,0.9200026806259792,-0.0997064953457088,0.9949390563617316
SZ000566,海南海药,20191231,0.1759007659396943,1.4520966862730162,0.7663004314568257,6.054381925273558,0.9036378053095768,1.0329162220224366,1.165451001378879,1.3556917446661674,0.0591369639455498,1.06969409881139
SZ000410,*ST沈机,20191231,0.1767893047344502,3.2813554403817604,0.4925391254445679,7.975215138091935,2.164083875258441,0.3182291085393069,1.906344076435987,3.256262316172519,-0.0395823973136035,0.8543025913965772
SZ002259,*ST升达,20191231,0.1845424051964098,2.183837268824657,0.8476686650897989,5.870775810727777,2.1893025554851038,1.1369557043184912,1.1105553040874998,0.8045297266118164,-0.0485969499339896,1.576986953120002
SH600532,宏达矿业,20191231,0.2062637294795398,-1.688155520643513,0.4853674841975796,1.2813434394166197,0.503498219028822,1.9574344698678052,10.415279672627236,0.3983692514599909,0.2585958096083397,1.1176634980500622
SH600280,*ST中商,20191231,0.2130386912031607,-0.451213877278195,4.2077417409073385,0.81463876226151,1.035174971888318,0.9903838284870904,0.8297942802908579,0.9244154418402564,-0.0312515224450515,1.039899245491014
SH600995,文山电力,20191231,0.2476219102152669,-0.4736545295262573,4.30841814043367,0.6320336817691058,1.0649939600261866,1.0263412293113157,0.9856705187129098,0.8139551904696374,-0.0629484629727209,0.7168393210884283
SZ300175,朗源股份,20191231,0.2604068655349671,1.296358568705566,1.0335454870157244,5.424586546374576,0.6887203238429072,1.5017675615903896,1.036418020346779,1.9935683140432423,0.0556790187731418,1.1292746359033967
SZ002378,章源钨业,20191231,0.2700253872708675,2.441902392604455,0.8470424335508123,7.136832464505688,0.94891332195463,0.9320704265124146,1.0543566469297767,1.318540047296075,-0.0412315425091341,1.0819838967443065
SZ002738,中矿资源,20191231,0.2868027264393671,1.3849360937694966,0.508140636030622,5.508306589461677,1.1887572623153129,1.660609920609485,1.3609365479816302,1.0111408684013323,0.0291605916830425,1.0080379304019345
SH603588,高能环境,20191231,0.3092091335000804,1.123625625204932,1.2846041716918724,4.752277017730188,1.0742997880777236,1.5083259495862629,1.0028405014535535,0.758340033941659,0.0088034702008895,1.0622521104938345
SZ000547,航天发展,20191231,0.311953484377835,1.3720267708625768,0.9767757507968776,5.514436464435742,0.9920322167309698,1.328206749925808,0.9015097846700436,0.8795225021986716,0.0344116448877209,1.0925135699052804
SZ002917,金奥博,20191231,0.3131324376950694,1.2296323610172484,1.4950449520037778,5.550327908362211,0.5380863800556932,0.88978179585653,0.7341542947646594,1.231883084200572,0.0650642202532237,1.0426105602154447
SZ300093,金刚玻璃,20191231,0.3274778058291505,0.7152132008498967,1.165279758420079,4.823168320086434,1.304406396672281,0.8122082214827978,0.8928147069349028,1.1414892343798662,0.1564014053295255,1.0422693616582352
SZ000025,特力A,20191231,0.3323316918138892,0.786219642099304,0.8992425834856981,4.753892414949549,1.0289315497807403,1.4544067105004306,1.412621004649494,0.7058441262812711,0.0559097926737402,0.5525809103940746
SZ300064,ST金刚,20191231,0.3458998344094954,3.125530905685242,0.2400869686704077,8.431732658886924,0.9302513542456372,0.99598194674697,0.8227236694645133,1.207247249827888,0.0579484986793722,2.7806733474370526
SZ002486,嘉麟杰,20191231,0.3671457364408824,1.002394978462536,1.9941773339738047,4.442397070525225,0.9101415490675536,1.0474034315491143,1.034327922322119,0.876438084357683,0.0256503572868729,1.1109556364533333
SZ300483,沃施股份,20191231,0.3714552803705763,-1.5315355144518346,0.1922654211501055,-1.006446645568601,0.906902724197166,3.870972707442389,18.446635122819345,0.6819426906755234,0.0051271481999228,0.8604900813365121
SZ000737,ST南风,20191231,0.3923822093581665,-1.438292808184407,2.7965390249777293,1.3640155518478658,1.039707002904271,0.5730289011667554,0.5789673778127099,0.7862168549083174,0.2998537709228725,0.9975078212949255
SZ300427,红相股份,20191231,0.393287341588451,1.799458109375302,0.556187543334468,6.503376945401788,0.8526476545183248,1.3635824587472134,0.2929679123915573,0.9358648303070752,0.0609831490279212,1.3181533470739366
SZ000927,*ST夏利,20191231,0.4022942070661176,0.1970288515674058,1.3182451832228883,2.0417322872708734,4.708210498088395,0.3797036264404995,2.458759700778518,2.2853800629504644,0.2973836518519753,1.744552865345691
SZ002827,高争民爆,20191231,0.4061297026669884,-0.1552808214691223,4.817259544796971,0.1157162850886184,1.8916964276228652,0.8521757898270524,1.0045756634236174,1.3149055093690964,-0.0225762759563043,1.6971299597586145
SZ002635,安洁科技,20191231,0.407289595559867,2.2196652585128622,0.7860790069913448,7.137835967511408,0.5051614234901091,1.0354815286819798,1.2041296168134228,1.4157393939895118,0.0027244632833188,0.8566688509557214
SZ300494,盛天网络,20191231,0.4311367043660434,1.1911671175486866,1.7842342394777655,1.5454446191709996,5.668816750229431,1.4309082016785328,0.0,0.65490095613757,0.0472790942960882,2.634561332175737
SH688122,西部超导,20191231,0.4489561038129884,2.1739356845174043,0.9081948059664284,6.761709859700802,0.6375722940020319,1.2253566174900508,1.016085619014355,0.932839017079574,-0.027463720184339,0.902941962331918
SZ002886,沃特股份,20191231,0.4631182182672855,0.944738874974942,0.7042748359953397,4.507785748149083,2.208714060808765,1.283293407647951,1.0857755680797248,1.0039122162315175,0.1418195721440305,1.1550727010982362
SZ000703,恒逸石化,20191231,0.5166910559027161,-0.2587149526297612,4.591471478970755,1.15626982100124,0.4407142886240091,0.9313162206758344,0.4750117660894793,1.407467270431549,0.0095401839561873,1.0517930122417176
SH603600,永艺股份,20191231,0.5243209888249336,2.118075890194624,0.996312976531075,6.811384625942522,0.5861295190992827,1.0592566689417615,0.7937757284907191,1.113207788498772,0.0246980307588315,1.05726563170852
SH600769,祥龙电业,20191231,0.5531608639458567,0.3284328480218129,4.643308793492444,2.271893603058368,0.199991118051468,0.4754335424036398,0.506294614006734,2.0673266867763638,0.0049361495493737,0.9445446918214372
SZ000711,京蓝科技,20191231,0.5654941953152441,-0.2741458233437706,3.4965683620562986,1.5468293939946018,1.0454180126967425,1.024724841905276,1.4681344911171574,1.3094179580549663,0.0863552203855906,0.9545862623605158
SH688078,龙软科技,20191231,0.5718702244102959,1.070570131731262,0.6456533814936894,5.772290924346176,0.3691848152853744,1.4381520322343224,1.162805782505462,0.9556695057208896,0.1009505753238165,0.3167523690864174
SH600291,西水股份,20191231,0.5954642688475902,-5.354603778069184,0.0,0.0,0.999185635782852,0.0,1.1016742047811676,0.0,1.0483224489082037,0.0
SH600006,东风汽车,20191231,0.6002068996250254,1.811496310592544,0.7884026440474545,6.209228077009759,1.0691818756173272,1.2246312037231124,0.8410735650476666,0.8975445134627873,0.0601709712864284,0.953523692184352
SH603286,日盈电子,20191231,0.6450952893727211,2.2845292239866044,1.3474766085208736,5.91185985985681,1.4745896324787835,1.2432895281530416,1.1078569943738867,0.9728349597392644,-0.0218295881579889,1.3416787932459735
SZ000595,*ST宝实,20191231,0.6583468985620858,3.4851509628342363,0.8287468684532893,8.406144716176707,1.0001430841855423,0.7659027928630597,1.0269908956658256,1.095089434344302,-0.0688498863929076,1.2152528430060705
SZ000893,亚钾国际,20191231,0.6607813320118943,-0.337269343121596,4.433038708354283,0.5323819464847499,1.0000368427003758,1.247127918274622,1.0260672080693445,0.9672159045399644,-0.0102524900523403,0.852691520985044
SH600714,金瑞矿业,20191231,0.6802100857238074,1.8271413593603392,1.0493681449286336,6.458796725413786,0.5819709847872252,1.024182954408276,0.9102202856974348,1.131155562369461,0.0962739048547095,1.115360638403916
SH600193,ST创兴,20191231,0.7050329275441863,-1.4257869650889703,2.967146633814078,-0.7834162599782782,0.3639873905007942,3.5325611440064084,1.4797721869420466,1.2814529292007546,0.1396557892751549,2.0562904348823468
SH600179,*ST安通,20191231,0.7285143565345493,3.892905364920015,0.755429403103958,8.828218174813886,1.300269021694394,0.622324956372781,1.1266801514020397,1.8883756529302616,-0.0299465952385456,1.6295104662322737
SZ002350,北京科锐,20191231,0.729426484787707,2.208990683634715,0.76678288988527,6.541394816583675,1.337183959553888,1.1522533170932396,0.9094293931123368,0.8883410569154283,0.0363465506214484,0.8555282701715142
SH603636,南威软件,20191231,0.7414016861828379,0.844005042170911,1.7004195844437793,4.417519904817467,0.9917872400218062,1.1454064743246426,0.9149571493958564,1.003561153614498,0.1466754200325789,1.0908908422223835
SH600684,珠江实业,20191231,0.7682861223462342,2.6482530648225757,1.2800448355409872,7.072391687420974,0.5632561194048434,1.1267184711562692,1.0310399415217129,1.445178443919514,-0.0114019582074466,1.078946251647998
SZ002135,东南网架,20191231,0.7808288148300937,2.3487941343966394,1.0568746918628973,6.307749891015549,1.6068382311389533,1.0668258536115645,1.0410808750326834,0.9971368597915916,0.0212967805285678,1.011081185869749
SH603699,纽威股份,20191231,0.7863100294133212,2.5570355585579057,1.0268949359738622,6.49516147773393,1.597768485674312,1.1641346149018854,1.0291915564014722,0.8704781145842907,-0.0126942399599997,1.042885508060808
SH603011,合锻智能,20191231,0.7906356582696368,2.7739993385114823,1.1958230134413543,7.2658966780510035,0.9679046522798996,0.8179590720946407,1.0419672396373916,1.4320340226110393,0.0366279153780082,1.441793054005322
SZ300101,振芯科技,20191231,0.8175693367578201,2.959888007791082,1.3267120867642346,7.180119885227047,1.0233501425132,0.9564431351030614,1.2635418877494384,1.1042635230800395,-0.0432635102443868,1.1426111414078066
SH603086,先达股份,20191231,0.819266279954399,2.6455494027669606,0.7618661303655124,7.199685150036749,1.1352114421508526,1.1414455835086592,0.6450650745017412,0.9027596428631812,0.0541357885283325,1.5048574368172627
SZ300290,荣科科技,20191231,0.828877490061267,2.946853554230599,0.8402962556827066,7.424101566996128,1.0186291714284608,1.218431865186936,1.0877660757862586,0.8889754692835132,-0.0500783639824475,0.7962102583162312
SZ300676,华大基因,20191231,0.8322052032092706,2.2059054190393024,0.7712351758944029,6.24396302133119,1.5529644636482067,1.2780001693550362,1.3263020895439592,0.9632064058036076,0.074867060212767,1.3415096070027177
SZ002147,*ST新光,20191231,0.8694070029248856,3.72931742239004,1.9134024606437676,7.943001669762518,0.959863159753861,0.4770537257677891,1.0465542931386314,2.9631518255693226,-0.0238684282328216,1.7038410900277208
SH601615,明阳智能,20191231,0.8981196979300827,2.103403630505824,0.3801643120313078,6.135666735736019,0.8756484306711806,2.2768653047820124,1.353667254303842,0.5190538418454215,0.0065568664965824,1.018542431954404
SZ002858,力盛赛车,20191231,0.9055043068461996,2.296484194343087,0.8609066561536152,5.955856269128469,2.015148891244956,1.3342265416814147,0.9843786318171588,0.9368150957451878,0.0618486283315816,1.3361872547768003
SH600159,大龙地产,20191231,0.91694409405036,2.3654371522055104,0.8170968144783798,6.759676266419151,0.9945238857701176,1.306586118685283,1.0011669640656686,1.163719596627811,0.0684470691364775,1.1204733284238786
SZ002503,搜于特,20191231,0.9233026607671334,1.7715873636102493,1.6037627683683624,5.611281654446345,1.16327233082017,0.8208311225548611,1.4440469090327357,1.012960558798678,0.1042499103365238,1.0907666407941976
SH600753,东方银星,20191231,0.933314765235925,-1.676728465947355,2.7987984113134363,0.981365564788966,0.6174275001938998,1.0486893290977877,0.7261540492036246,1.3843773639640098,0.5076693940822514,2.218325036642307
SZ002488,金固股份,20191231,0.938955256540866,1.6860670615903453,2.484056374630468,4.919076217238706,1.2941957955770456,0.515438597391797,1.0558694518139866,1.7421590678114196,0.0825799006250101,0.9004286343341819
SZ300688,创业黑马,20191231,0.959910098850959,1.99017056756463,2.1009006572914304,4.900761212379154,2.23950225881491,0.6022191183594067,1.1796609425919016,1.933746880078689,0.0778637396399814,1.0086843270066446
SZ300056,中创环保,20191231,1.0097607459281843,3.222080203095192,0.2465518355620383,7.046883475890761,1.0374467210237457,2.762525413436183,0.9696727688764524,0.3593529378572684,-0.1724605819961199,0.6846579880347952
SZ300477,合纵科技,20191231,1.0126369563086386,2.618697218425089,1.2739840770706548,6.832157499269856,1.2449667638382436,0.8187314114814707,1.12128893148746,1.1909307945100485,0.0495966127457868,0.9671352518221326
SZ000687,*ST华讯,20191231,1.0641534300082285,4.879373511021885,1.9610927747072944,9.737410203952432,0.4595725938731068,0.3288339811577753,0.0,1.8681623346121403,-0.1384047084204267,1.686459318881874
SH600112,ST天成,20191231,1.065410054391409,2.928811458566284,1.6826934449638422,7.344335719845063,0.9662861371530324,0.5327460416313357,0.0,1.3049097673007817,0.0726535027846932,1.5338455753894222
SZ000400,许继电气,20191231,1.122043742625897,3.3586515512810577,0.8544458039545852,8.001859447564508,0.957186670090156,1.1233453305991246,0.9131560535509884,0.909619242510953,-0.0130021159803909,0.9953430296986372
SH601919,中远海控,20191231,1.129106634191173,3.396183732439824,0.780881327584218,7.716121793255978,1.323613661388179,1.2533711919318813,1.3471215825210163,1.2012049982912825,-0.0223736681956073,0.9779475389177232
SH601168,西部矿业,20191231,1.1439995226176412,0.7602431099606191,4.942546485230229,1.3844801262965132,1.026131060313314,1.0242460137092486,1.4982079214595665,1.1608691697006002,-0.0607233388857466,0.9505597987978488
SZ300782,卓胜微,20191231,1.1485879654187352,-0.2833952816811124,3.9369098793983657,0.6517458813717283,0.5395313573328185,2.11465315703306,1.073810379067123,0.7545364098292456,0.0481879106616204,0.920218344084994
SZ002282,博深股份,20191231,1.1704552777377717,3.3177427782876783,0.9058829900215476,7.935336067496989,0.9822153929841532,1.04957156730628,1.054112696723993,1.087594744316825,0.0060013669070813,0.9421542305267936
SH600381,青海春天,20191231,1.1784997150902177,1.4133485537144133,2.7258566889967315,4.215881350089303,1.642845451048721,0.4909489245863783,0.8332921877464552,1.5796740836138836,0.1037251619273593,0.3864357383976424
SZ002189,中光学,20191231,1.233884571677463,4.012611884335375,0.6878632224970259,9.050099272693624,0.7223979995796722,1.1212875874456878,0.7454700673887434,0.8049865390187264,-0.0615625346721735,0.8827510768842841
SZ002371,北方华创,20191231,1.2755426062978372,3.211222739804604,1.1123772198372883,7.694858243321806,0.9498210750964562,0.9982811509780803,1.0297498751913725,1.246351983091434,0.0303251096223161,0.8894922688559519
SZ300678,中科信息,20191231,1.3286649076054462,2.931141138349929,0.987110462168018,7.317844346224651,0.9104571864219853,1.2535405700357762,1.0756313088058729,0.8220876982363494,0.0807376988790341,1.374164017287966
SZ300311,任子行,20191231,1.3581600334288586,2.598124528866557,1.1512714712662493,7.325442160126621,0.6380799308260259,0.8427202661751406,0.8987446832925876,1.265061282121939,0.1394951992529818,0.8464742676552394
SZ002656,ST摩登,20191231,1.363597487634002,4.863204886870728,0.46366692213297,10.64588001364306,0.39324778763347,0.931999692507717,0.0,1.2596714842515766,0.0285017265689577,2.2963689393809
SH603787,新日股份,20191231,1.3828736388503673,2.515451598376202,3.058605535010244,4.94522929023615,1.3937533772156288,0.8498303018798504,1.3739946445990605,1.057360581682921,-0.0414520712463119,0.9340631039560284
SZ300462,华铭智能,20191231,1.4114379923127265,1.034743605217788,1.0015091258708002,0.9867386053800012,2.852258437361668,4.939454235954667,1.3882100711857306,1.777597623306355,-0.0090288388060963,1.715307047396544
SZ300640,德艺文创,20191231,1.4117099337758363,3.447942543654239,0.6505984165376557,7.288900507319533,2.345206567115058,1.2163164224896057,1.0369141868035088,1.3906419259519738,0.0323441326296406,0.7926320980779349
SZ002751,易尚展示,20191231,1.4573034745294515,3.6164767927189385,1.1157633079657323,8.003727619538816,1.1629554537437017,1.0160020070619304,0.8758910638089186,1.0575278356077404,0.0043104666522898,0.8265324269320283
SZ300538,同益股份,20191231,1.4731113802474094,3.48581833711832,1.3698031760157754,7.240649544767425,1.3804280027643274,1.2959204214104174,1.0810568963321003,0.9466534880988428,0.0188916933096438,1.6321584295418947
SZ300795,米奥会展,20191231,1.488217807238724,0.2008494803470826,5.133891948498997,1.059847084005675,0.4487360022495296,0.9784166035000116,1.054297145605494,1.0460324115558308,0.0410449176696273,0.4341736015271728
SZ300771,智莱科技,20191231,1.49411776110663,2.7478725551642915,0.7606091902091597,7.50645270468137,0.4993439404781662,1.3882633333213612,0.8836380793071384,0.7449980430277773,0.0911604315516116,0.51722918098755
SH600997,开滦股份,20191231,1.5573400405748647,4.6573500539600365,0.8763304163714638,9.475642184058565,1.033925535943849,0.9398012559178652,1.207878123564982,1.0956086084620764,-0.0686829797850009,0.908640041621807
SH600604,市北高新,20191231,1.5991421450643255,-0.604567739075001,3.6220098042632665,0.4920013385652512,1.138146376751605,1.7373565897282888,1.057565448853539,0.915508310444634,0.2609300517931102,1.0625721878509389
SH600155,华创阳安,20191231,1.6984981776091466,3.398094662221041,4.513040778464972,5.391199501923912,0.9349592494292368,0.2521581612565843,1.2075431426990382,6.077272842237359,0.0409914321449225,1.0644548494079344
SH600318,新力金融,20191231,1.7192112886038688,1.2111245989185848,6.089952930713576,0.8635051752496521,1.053807194229431,1.1378641410667496,0.3831905873104307,0.8307754075664123,-0.116900984786239,0.9002535171533099
SZ000785,居然之家,20191231,1.724895994759923,1.7991970457702346,3.4479876845105104,2.274146986252811,2.413892732186628,2.093413925185972,0.3150452086731416,0.7864457683819375,-0.047297922470515,1.0097697749134364
SZ002793,罗欣药业,20191231,1.7714682526864711,0.7522055607967342,1.6825674318605994,-0.2450799202739336,0.514982435454619,7.309324032159781,1.012383708976576,7.006919105434132,-0.0019758006593557,1.336546778114202
SZ300391,康跃科技,20191231,1.8011826787837166,5.321251593599436,1.2375426350881993,10.60958930140007,0.2371737621792443,0.7675457348964149,0.6027267753304875,1.95422619243199,-0.0179741271677044,1.6170471716565635
SH600301,ST南化,20191231,1.868648863797934,0.1688028385657687,0.3345549587332037,3.853686422093712,0.985034319884734,2.583112106972744,0.287920343180699,0.1167634354758647,0.4113624923928269,0.8372190343277769
SZ000903,云内动力,20191231,1.895661385139166,4.733474276591301,1.2001873026244922,9.053052821144416,1.1535348815727795,1.1366880585761887,1.0243247458197924,0.9831167483184484,-0.0527544564076699,1.0102135375290444
SZ000046,泛海控股,20191231,1.976537934085857,5.574394459861876,1.8359287852305275,10.258764421858167,0.7837016810726053,0.3735593865952442,0.947732021951472,3.2576747276666467,-0.0385364390495067,0.9398524346077822
SH603727,博迈科,20191231,2.0083038789861822,0.0911566894329159,0.1121368182334261,0.014883377586275,2.141327999506432,6.512965553955528,1.0353265611234936,0.4232184618810635,0.1341206067479026,1.8691177404958632
SH600856,*ST中天,20191231,2.0268069086704714,6.599997088503113,1.4581218090416397,11.676079070319206,0.95793942063643,0.3037393175497247,0.9401498582438168,3.161549662432398,-0.0808049441955097,1.4795787762591
SH603179,新泉股份,20191231,2.029650381841412,5.2052836544871965,1.567463902400353,9.673492989543687,0.9770770802579658,0.7405945867758696,0.9875064203163956,1.4078263583277293,-0.0535639990550968,1.089178507032086
SZ300395,菲利华,20191231,2.0318671900996,3.906058635933647,1.077741884207993,8.401357656935064,0.8151244376042193,1.2156105079303792,1.0979953491767955,0.9161424455920084,0.0477169629082776,0.4928674803082775
SZ002114,罗平锌电,20191231,2.044637736879517,6.479232923710213,0.3237928031917875,11.52130344456175,0.9648449273632947,1.6182325840116227,1.0002310396977512,0.4609323516190728,-0.2210667744441409,1.0126466172516695
SH603887,城地香江,20191231,2.055835385630662,1.3945279521867655,1.4870704168882578,0.3069164328802045,6.791850348765252,2.5683716726285994,0.8272239701473385,1.0631973825335257,0.1576643079275998,0.9761114706959422
SZ300324,旋极信息,20191231,2.13585100946621,4.863675642049117,0.859607490884387,9.485129269034791,1.374727274754689,0.9916109759391828,0.9485347254936524,1.0300664717694064,0.0168630878395022,0.8374782691893129
SZ300712,永福股份,20191231,2.1361642143276,4.475457144469498,1.9553711596960563,8.38322265444062,0.9615519098849118,1.068042779016303,0.0,1.2800623255307857,0.037596484817833,1.669795648577408
SH601369,陕鼓动力,20191231,2.1366974517288178,4.833166545613825,1.0734586835837774,9.55695273954712,0.673257390248284,1.186230413420293,0.9938507304215404,0.7391466961158485,-0.0082239482431074,1.0267548823161987
SH601992,金隅集团,20191231,2.233862667719908,4.7770863515480855,0.9274099723009244,9.370026557976336,1.10275280707364,1.1596322584797936,0.9737863447961076,0.8893557054964766,0.0347554596756123,1.0038828200566474
SZ002693,双成药业,20191231,2.245645196760453,6.053612681995308,1.0662075316154829,10.64234896150749,1.4200323388253715,0.8781298560869336,1.191191033758901,1.1320890026187298,-0.1240687563393665,0.7130300612743048
SZ002818,富森美,20191231,2.26024457544335,1.30661096373911,6.376362544025226,0.8493370041452041,0.8992057622945201,0.983834606760793,1.0815591977818315,1.137455210166018,-0.0287891745572952,0.7625411751954442
SH603721,中广天择,20191231,2.2655423391540213,4.590474007095767,0.9880783206693936,9.5478096527136,0.6258386020891037,0.99387339854223,1.0115933274085585,1.1575086026475816,0.1178501500173748,1.3846167711503568
SH600343,航天动力,20191231,2.296626043736409,5.568686541767605,0.7865393755261011,10.46196184309898,1.0126194182336037,1.1206369361469768,0.9705346507667216,0.913159022967984,-0.0249541239170574,1.0929670152694608
SH603260,合盛硅业,20191231,2.3186762292929024,4.654362182776213,1.1219674435460207,9.240525685775392,1.2627467648680748,0.7630469755640749,1.1976933867207729,1.267860653783944,0.0998858975750466,1.0102379138972302
SH688138,清溢光电,20191231,2.3213675605963866,4.386291015988428,0.8668925968940088,1.8598847057104675,11.842262461727804,1.3064210166676644,0.8749285665016254,1.1330844451175217,-0.0537545566327489,0.6789083323231154
SH600171,上海贝岭,20191231,2.32903926075132,5.443640432818809,0.8592879951224142,10.372064423960095,0.8919736675317828,1.1542121292761356,0.4471547961483907,1.216582398530633,0.0003502140573554,1.014310618328894
SZ300228,富瑞特装,20191231,2.3568512936094845,6.207324807369791,0.7288707340490074,11.398739902541116,0.905855686816607,0.9617636737597836,1.1069987399737709,1.0649006617910823,-0.0626133733636087,1.1231722080291773
SZ002573,清新环境,20191231,2.372826422003575,5.883660474279668,0.8046271568145826,10.939172982118,1.0701979690568773,0.9329530614321652,0.6729613245305471,0.816022182934929,-0.0462265002923364,0.8825961746451895
SZ000708,中信特钢,20191231,2.399651617626617,1.8374561217984533,0.6018414934920762,0.5065605984000778,3.687726502686485,6.506770270729497,0.8973885074567254,1.9967337634036144,-0.0289331390517613,1.5283500132914272
SZ002071,*ST长城,20191231,2.428726707833196,9.050327584621504,0.8226745574076123,15.127193490282234,0.6928546397928144,0.4493254118301187,0.0,1.4996465608668708,-0.2862638545441817,1.708366378587964
SZ002681,*ST奋达,20191231,2.5450620170410416,7.837823973989836,0.9348330362411766,13.343743983913978,0.4553888184587589,0.9509394829020026,0.8612631509393002,1.4680646438568838,-0.1779563564676212,1.7326503147277728
SH603389,*ST亚振,20191231,2.546709109176521,6.270285239201592,0.7847747018417472,11.60896597303151,0.8149792687438128,0.8452159211773126,0.7699996838324485,1.0345314719400611,-0.0153392299422946,1.182997462104686
SZ300132,青松股份,20191231,2.583697613280635,1.999958377463568,1.5018412698318422,1.0697850034274268,6.650204910997422,2.5217873992923057,1.0095768389968172,1.598668090005014,0.2423343336564995,1.327133801738743
SH600834,申通地铁,20191231,2.634715148440207,1.346093639663798,6.472978008259671,-0.6417659864921237,1.7971456066357074,0.8445157902475958,9.290164077434143,1.2707545725509712,-0.0302107771336386,1.0072475366678728
SZ000965,天保基建,20191231,2.6551506240304725,4.225409003403816,2.2932654372347963,8.156717994949421,1.1352115671497098,0.3095115453061545,1.1024748395431023,2.834117691842911,0.2138173327080057,0.9048260378949324
SH600061,国投资本,20191231,2.746019879919657,4.151110761294589,5.213677378400741,5.774406079682757,0.7150948292471329,0.2199023784261265,1.045991884141311,5.88105420035855,0.1025994020228197,1.0193006028526626
SZ002501,*ST利源,20191231,2.7506511151870803,9.968655653944571,3.820320979381128,13.70770665751802,0.5209137363528512,0.2251707260046527,0.0,4.378767107167174,-0.308595651665798,4.207791258467133
SH603042,华脉科技,20191231,2.8671743921048223,6.464923994926674,0.6573950881827012,11.569237122953004,0.8367795906911418,1.2442384365999624,1.1105583891109223,0.7869790307992305,-0.024829152196933,1.0100432671243929
SZ002236,大华股份,20191231,2.8689708584922795,5.462311074913012,1.128847543561274,9.85027486712124,1.2324189919140174,1.1509573932577395,1.1014916241068091,1.036676133816757,0.0622102235232343,0.9006426806247395
SH600620,天宸股份,20191231,2.9369745214948413,1.979727146381756,6.558944722894563,1.3963307718871056,0.9896125737322984,0.957010158269512,1.0151721533394418,1.1195187679899967,0.0261824237613281,0.9011282642440804
SH603368,柳药股份,20191231,2.938329682993704,5.723048524530438,0.8060987238418321,10.42616718374857,0.842291700700273,1.4781708189378429,1.11396589381973,1.0222309499374005,0.055857312002448,1.0420500024311452
SZ002323,*ST雅博,20191231,2.9428765578706684,7.403488885414442,6.678807820823625,7.936637193771833,0.9205382701263204,0.1799310819351832,0.993896928849376,4.9451576676604665,-0.4162892410464006,1.2247117154121778
SH600165,新日恒力,20191231,3.053632323863315,6.417112484432098,2.3989294891076525,10.21432768951622,1.6423673932679386,0.2320186304167987,1.059172018486673,4.402243824919052,0.0879895029804662,1.0805706424397954
SH600986,科达股份,20191231,3.116987416457996,6.523503933514096,0.7458695840419169,11.66340150720592,0.4869208448973781,1.4067261316582305,1.030325260709697,0.692452228700913,0.0271070122635009,1.4227023225350348
SH601015,陕西黑猫,20191231,3.139816923078931,7.349705023025707,0.5753588280789949,12.280697234020908,2.041913046330794,0.6357061856715446,1.3852078681597435,1.388234423267375,-0.0011309448104735,1.042614739821464
SZ300634,彩讯股份,20191231,3.17947468811729,2.9920411837304437,0.6763480257436206,2.468174032357392,2.796295030718707,1.1710264483189552,35.200113724923014,1.101303718095966,0.066443857383962,0.7636080015767818
SZ300055,万邦达,20191231,3.212887634317429,7.500510128123397,0.7258716722599581,12.906549961737596,1.115339369956788,0.6901493623614079,1.107945208613884,1.137827636994852,-0.0338734006446554,0.8226199524747414
SZ000757,浩物股份,20191231,3.2175793557558467,1.9739564414744852,0.1955706278558174,2.078575259460237,0.4025904911742181,7.885678153899984,0.9536937576221824,0.3079792322278218,-0.0266138340339374,1.066302921462548
SZ000402,金融街,20191231,3.225655813536638,1.740636423515891,6.619821813802024,0.896284348440562,0.9673917039345248,1.1971661932954267,1.0603552340531084,0.9233261337686802,0.0879748115162716,1.0130880242796294
SH600227,圣济堂,20191231,3.3872840531653394,7.52266327503834,1.1976224682076044,12.101362611986502,1.4378050503978108,0.8617392372378438,1.5672899930679878,1.0107928593000646,-0.0487504235557948,1.1983836766882128
SZ300510,金冠股份,20191231,3.399742330473604,7.358745862400958,0.8099631140174932,12.657445640700194,0.7233116068460199,1.0357990702893796,1.1019509610561486,1.2351476001430204,0.0142789370650736,1.1798037076466343
SZ002496,*ST辉丰,20191231,3.5763259374932974,9.563394445364905,2.3217511757637155,13.940177728869177,1.1743393492904954,0.3954349050808072,1.0082443390998772,1.8771505841637208,-0.288689303843108,1.0689937716700604
SZ300746,汉嘉设计,20191231,3.710232923427287,6.874211411761846,0.9416027087205482,2.143037784705286,15.353728949486875,1.4269261736162908,0.8861010842359632,1.2100310430008203,-0.0143717435131855,2.2930307607683136
SH600083,*ST博信,20191231,3.718354241226882,3.307747063414388,7.841963017704595,-0.750843752968311,5.609114581155511,0.0968569345285267,1.9011642182301436,8.443343394917354,0.2047368145963969,1.0294412432647513
SZ002628,成都路桥,20191231,3.785813091679141,8.429664116612917,1.1543808743242785,13.363441372459684,1.44528770163323,0.6582786132021207,1.0120504753377135,2.7474956914834654,0.0108023832563921,1.093443451924666
SZ000573,粤宏远A,20191231,3.9510267380623154,2.3116996823839777,10.482602630239889,-1.4300453524074277,0.8561857335158702,0.6072437138854561,0.9535226555784826,1.7033205322501537,-0.115035150730726,0.8070295669386258
SZ300356,光一科技,20191231,4.327482200049897,8.908688932163818,0.5937798397510903,14.170014987648866,1.15021593657706,1.172042075111285,1.1639469812505503,0.8811903770067456,-0.0117067158906092,0.9120041887541236
SH603258,电魂网络,20191231,4.337156352445472,4.150254403195289,6.339870221806384,2.814856778668916,1.5163774276954542,2.005240931968309,1.0309477227094903,0.6782268772208678,0.0270307143948563,2.0533354762734555
SH603458,勘设股份,20191231,4.461234738045173,7.776198534650786,1.411632386597195,10.983346988161264,3.264286858655377,0.92005759765975,1.2440121916122506,1.244678392500663,0.1175041110919982,1.2688562376373669
SH600870,ST厦华,20191231,4.504751573092517,8.017914165763552,0.0759477878265333,1.2397987532214427,20.248827664497703,0.9984716782103384,1.623294090091015,0.6430679701272906,-0.0456514744746266,0.9583031414718748
SZ300367,ST网力,20191231,4.647931758307388,10.359492547070683,0.7238881557518868,16.168828858291636,1.427164584987969,0.46508375226889,0.0,2.112095048852386,0.0369047872480779,1.5780224240136658
SZ002504,弘高创意,20191231,4.658827940319871,9.331179295758378,1.5164457190432954,14.19482860182164,1.2975491158474777,0.5579952454898771,1.1037433553415297,1.3502066617418116,0.0083494179819981,1.0607800964024194
SH603997,继峰股份,20191231,4.745203105039865,4.323604674570655,0.4393245305862061,0.7453060473306757,4.368915045177449,9.24286360443362,1.2513409424998403,0.7896066078685011,-0.0581293609797992,2.9305127257068446
SH603535,嘉诚国际,20191231,4.768764602602209,9.266707205462318,0.8576999789194917,14.033824775970428,1.5806389739959557,1.2184668369113072,0.9365910480127254,0.8915028480406706,0.0215147470594395,1.1335364094340872
SH600058,五矿发展,20191231,5.178303492163318,10.358914409903605,0.8562004300119169,15.683838519407317,0.9748707354292296,1.1480533581235537,1.0135621825854908,0.7451605095372332,-0.0282586305312403,0.9925043588855704
SZ002008,大族激光,20191231,5.406878638337299,10.23644487683502,0.8626130590035802,15.514934482260198,1.1941611775452183,1.0122747841665132,0.9443466337909546,0.971070710580548,0.0490138101798476,0.9018725513204602
SZ002192,*ST融捷,20191231,5.421986180005406,11.516463069948475,1.2954497299792138,17.220656455271477,0.7247690166780849,0.5455827197957729,0.8637603431397017,2.563994639896653,-0.0193117296223947,1.130784181193403
SZ300648,星云股份,20191231,5.479001776870867,10.419488548590518,1.3828351834827006,14.831209108481612,1.8630629898986208,0.9495878405728144,1.1559710803675367,1.2899276411029588,0.0565106938619622,1.7103286222452054
SZ000862,银星能源,20191231,5.762677371569107,11.5075042030216,1.4094453160003697,16.130800452141457,1.722177218085548,0.9139445231084632,1.1352914478470753,1.1363286999748503,-0.0718529058141034,0.9816003131614204
SZ300368,汇金股份,20191231,6.0030608207292975,10.460596310186286,1.536607306599069,15.057161889380383,0.833934868554496,1.4378123543454908,0.8761214014774926,0.4825268929478823,0.0494728196199871,1.1910713898828131
SZ002164,宁波东力,20191231,6.055544636200706,13.900983992524722,21.586989398073506,1.4205472610404368,1.2949282517655971,0.0523269511571462,1.0043460012235537,6.269345128651147,-1.9231990417832665,0.987416909818218
SZ002447,*ST晨鑫,20191231,6.121083188842901,11.037878414140357,6.77614092351721,12.35689221827936,0.0924633643195211,0.1336075829029481,1.6835763770252417,1.9642318373888177,-0.3016194958903496,1.218423551177475
SZ300078,思创医惠,20191231,6.16033443914583,11.27677524185616,1.2709187927367231,16.428035850825474,0.905241350341226,1.0723794240598523,0.9934993157261252,1.0866243297324103,0.0418256843072702,0.8814958552761398
SZ000534,万泽股份,20191231,6.487643346788136,5.063735996802772,10.893497369634112,0.5353264516460898,1.2359879121368376,1.2277908868619236,0.6085513890224167,2.821613180126759,0.05884426449636,1.3197353017209343
SH600746,江苏索普,20191231,6.506744181325888,5.303573146855492,10.979575534656798,0.5822999330145556,1.3708195667181995,1.358092288667791,0.169818397037983,0.9037386829291704,0.0480087290510254,2.800819593459245
SZ000553,安道麦A,20191231,6.5192443185038575,12.372529130244889,1.1766551113203922,17.612989894164624,1.0862698130961694,1.0438174582851172,1.114000119239234,1.2773967158529214,0.0093506091269361,1.0551208073447913
SH600658,电子城,20191231,6.748061524875831,4.025444594285919,10.27913068083037,0.4934430541643607,0.9286593068103228,0.8030243756385195,0.5345531833483701,2.118748904167024,0.3026622533163191,1.0212789753615077
SH600122,*ST宏图,20191231,6.770735608129603,11.303692565995592,2.7760105138308417,16.20781268374639,0.1646448269819836,0.2877792846361741,0.8951915154591401,2.296328434391827,0.1901349263166687,1.2897695639362543
SH603183,建研院,20191231,6.8905014868236245,12.21256550648882,0.9305102425241368,16.63732308068907,2.198583151768086,1.3703462653665943,1.4209606029984303,0.8493550840775751,0.0637328254530231,1.0280681042871351
SZ300586,美联新材,20191231,6.914467416640959,12.77976231701532,0.5774456402678473,17.646392886555606,0.8530807678913542,2.428210182579928,1.2615794727674732,1.4101794558488685,-0.0113002865077348,1.3894277125039336
SZ300030,阳普医疗,20191231,7.108558308236243,14.486593277254826,0.9914476740486268,20.150198019575885,1.0381066714233105,1.0674448446810578,0.9214694017449582,0.902231436596667,-0.1303836825593102,0.9637734750645666
SZ002349,精华制药,20191231,7.138513987691908,13.573993590314403,0.5253786311602465,19.607414878137327,0.8614065215047614,1.1495174212467183,1.002533074681165,0.9535936610303044,0.0519573023242543,1.3006379037869442
SH601216,君正集团,20191231,7.16688289238786,4.788576777238123,13.364015104320812,-1.52678358653504,0.7474183366708785,1.020345492244315,0.5930045252134297,1.1077644143884764,-0.040796451220401,1.1643666754074005
SH603650,彤程新材,20191231,7.201507812914891,13.703698769732087,0.975839775011015,18.37963826778289,2.436720749501517,1.0241008809999603,1.2558376463116572,1.1441652470078254,0.018794971147854,1.5113563638424894
SZ002663,普邦股份,20191231,7.396589633020622,14.388281245602291,0.9743125998857916,20.437500975721925,0.8592588925491704,0.8723927037804267,0.0,1.044533308715812,-0.010202525142692,1.06634866720401
SH603236,移远通信,20191231,7.423077612684777,12.520124328772951,1.6230692042288188,16.225867054717977,2.3752003832942257,1.40083206475442,1.2692748074369269,1.309902408897799,0.0744163518970497,0.8421544824457462
SH600665,天地源,20191231,8.242241434697668,7.01844246786102,12.109197175681407,1.7867323577417633,0.7938358431927425,1.2887364515438664,0.9721961251489384,0.8627566089530244,-0.0215993748408581,1.0220862079991084
SH600895,张江高科,20191231,8.517447211625466,15.727836911898008,0.5883289895161188,21.716403518895195,0.8046221703993033,1.390995033782657,1.4868801788620851,0.8012918193489567,0.0093649004892495,0.89571510921038
SZ300316,晶盛机电,20191231,8.552079691844598,15.420728904499487,1.0633519690480893,21.107541134272807,0.9028773929400968,1.1533868211261733,1.1661058089794527,0.9432129253479176,0.0635785931195815,1.2046578955576517
SZ002464,众应互联,20191231,9.11195081602096,17.12590692547155,1.0924612767507909,23.25079379732685,0.9785157253093578,0.9014397339178144,0.0,1.2567986629490042,0.0551172915791058,1.7451428640043427
SZ002030,达安基因,20191231,9.262181388716437,17.816417478248155,1.288134197517188,23.601547541629152,1.27408709309448,0.8025227109342375,1.0031638414076745,0.9351656122660944,-0.0834944374709983,1.036530587976732
SZ002714,牧原股份,20191231,9.284581296318011,17.59847887462527,0.0,23.985641352449772,1.249476491748143,1.520671246225728,0.9460464126661556,0.8001550939784946,-0.0277992137699479,0.7405526976690776
SZ300570,太辰光,20191231,9.552324550820964,17.00720807541376,0.2432396539999597,23.2083677703255,1.1403613325834374,1.439643573867387,1.2783357717008956,0.6128706444104018,0.074353402938349,0.6722831654429007
SH600421,ST华嵘,20191231,9.780398391011298,8.107064741804116,13.027960404624476,0.1163432917222719,0.4540190781189276,4.179405160191831,0.736256946875973,0.3922779708872488,-0.2378144172076071,0.7421150749464077
SZ002629,ST仁智,20191231,9.888771173678409,16.645216205167518,30.41064664911002,-3.327254786451206,0.9736512777502672,0.0268438179584305,0.9357441522678857,16.0905289314655,-1.9126963120193985,0.9176347872984144
SZ000035,中国天楹,20191231,9.980895214502828,6.418857655278451,0.7940733819602277,-0.2472233977375566,0.9084463080726864,15.737575942029824,2.166065879933877,0.2714306401894082,0.0014202723203213,1.202157039491497
SZ000786,北新建材,20191231,10.1351899481425,8.595875489956317,15.022738468927727,0.8823484699259887,1.0859122927268,1.0525304715331656,0.9265764355100812,1.0029745949577724,-0.0168642705399346,1.6645624469593667
SH600764,中国海防,20191231,10.214761704306955,6.304455089063822,0.331262000072425,0.079839934562186,0.8559184715717935,15.80793484444545,1.7069396745926757,0.4280549592354767,0.145321071446348,1.6552099934433535
SH603683,晶华新材,20191231,10.299594920855924,18.82452559214521,1.044275732690041,24.55587118464656,1.5569942229050588,1.006974063344616,1.281956946268546,1.1797213812232257,0.026098175106521,1.163644042334076
SZ002072,ST凯瑞,20191231,10.437947789912068,11.48823105756622,20.674996478488342,-3.408076833783811,5.618629367789531,0.0452433830281481,2.440559312598814,9.745574252550831,-0.5644780648796596,0.6639157438704311
SH603226,菲林格尔,20191231,10.472683013298084,8.502991264568234,15.551428214860714,0.9515612258732776,0.2306085599222183,0.91711959161683,1.053511681061077,0.6900327468527568,-0.0279571618711466,0.8561114863422201
SH603356,华菱精工,20191231,11.246602306693196,19.382879409985485,0.8554093242970465,24.011484514755992,2.952334609852481,1.551067805292507,1.18338809049381,0.984541974658178,0.1094374277637597,1.3258100777516366
SZ300323,华灿光电,20191231,11.342937184126336,21.35487120255489,0.7846454089095577,28.249159385568483,0.5568686853733159,1.011903288347673,1.1645966310806044,1.1693139512251152,-0.0346677007942638,1.0785378308708038
SH600277,亿利洁能,20191231,11.438324701194956,21.25341521112643,1.596088198449997,27.43816601824251,0.8463146491400833,0.7371498788702958,1.079020197984108,1.1107436585376165,-0.0679735239703905,0.8925633151627733
SZ000150,宜华健康,20191231,12.317748234497174,22.779326639669847,1.1155156311986096,29.429493183842222,0.8723973754886809,0.8647834415518649,1.1752811156529217,0.9925931694882084,-0.0207946220035096,1.2179424575829485
SH603687,大胜达,20191231,12.337672053839444,22.61268018529993,1.285795701838945,29.29682268456072,0.6850114644397357,0.7878686972133763,0.985376786539383,1.394227923518255,-0.022282257341967,0.6812181172851862
SZ000635,英力特,20191231,12.840870804528748,11.304428786322417,17.715400134879324,1.597246569682553,1.141522620639391,0.7643503624811794,1.098943544356782,1.1491857945736677,-0.0523251308879261,0.8792306848131474
SZ002740,爱迪尔,20191231,13.570889148548876,24.0452441539236,0.9430733717470756,29.78625847293033,2.2219584047023124,1.436713052318544,0.0,1.1308796369449392,0.0400793420694618,1.0890581324832131
SH600536,中国软件,20191231,13.976073654675684,25.21003188729949,0.6268993237476506,32.09130847616096,0.9056511365489636,1.4573356092434928,0.957079520114279,0.6830131501371577,-0.0019838169567826,1.0826135310241107
SH603996,*ST中新,20191231,14.274514774097767,29.15612011528069,1.5677429066573494,36.25639865190376,1.3914312406120917,0.1860436631169547,1.1594251620472915,5.720612875087425,-0.1611930944344847,1.817866505202558
SH600289,*ST信通,20191231,15.69967091380165,32.602592793757054,1.1970562744316695,40.589421081618944,0.7146934193960534,0.6758532527910305,0.0,1.1166390269293076,-0.5372972390785412,0.5454334508121084
SH600385,ST金泰,20191231,15.759229290037792,11.21784305665042,0.0,-0.0438839685684465,0.9863822773151856,23.28644836777478,0.3859230096356077,0.1389503164959306,-0.0254318231212068,1.3733839447558998
SH600732,爱旭股份,20191231,21.14036377092812,16.36489792296823,0.3664073964069048,-0.7416351950723155,0.4519222118946668,31.40754000469023,0.1221501630320932,0.4873927202817975,-0.1663186791096291,4.022203455239907
SZ002337,赛象科技,20191231,21.46414455608925,38.40438147764513,0.799116503844505,46.65161949288228,1.0445131920352448,1.1359103099112768,1.0420310219296995,1.0459702366728536,-0.0116051031508507,1.1741267733455207
SZ002446,盛路通信,20191231,22.101783947981016,38.88152245340139,0.7935162706402636,47.22618907358149,0.8968132098345997,1.2151987690807655,0.9665748704373376,0.7898621068704719,0.0242018065248859,0.7904855385345126
SH600507,方大特钢,20191231,22.11535625413921,40.17636227819016,1.1316026343080414,48.87301625241886,0.5243989185564433,0.8725714709470143,0.8831615148615021,0.914406221439042,-0.0666392233202327,1.5698545690797174
SH600649,城投控股,20191231,22.25152473237511,30.223500758805056,14.759405942120289,25.798012975167957,0.8962808848758808,0.3049475860412773,0.1716628879897627,3.2300625286994893,0.0303196238616791,1.066135494600046
SZ002633,申科股份,20191231,22.855436200505373,41.09319295411164,0.5963840105220469,49.58771599182485,1.2550718818966862,1.2244613259448958,1.1093628802940378,1.214076401211045,-0.0318292302826932,1.2374504514383224
SH600556,天下秀,20191231,25.319335106541505,18.776539211031523,0.7205533012645463,-0.0914038990400949,0.314081547435229,33.55750767656239,0.7883403261383783,0.153950886562872,-0.0672468213861803,0.8104898236616283
SZ002659,凯文教育,20191231,25.534687430339226,28.14820578025423,23.81334237091627,14.542641651544642,0.8868397090279578,1.11273627708988,1.0791010706885518,1.5232013066091754,-0.0249613548525836,0.9426855154983224
SH600082,海泰发展,20191231,27.20182540071032,23.618249006855727,34.450345537186365,-0.3259072856621293,1.777145180761489,0.6381176220192984,1.0701794708583174,1.4672033303015333,-0.0808726003543025,0.794769993331678
SZ002015,协鑫能科,20191231,28.015229154839098,24.71313567468753,1.047818480113575,-0.1544760049207627,5.165604182986068,37.54255960819408,0.696428097442735,1.4253897819501329,0.0950866908507657,11.871255632733783
SH600750,江中药业,20191231,29.484618889499057,25.63336051687763,35.60105863080849,0.8020903332896996,0.8638026201863672,1.4136110435250064,1.366367754989111,1.225318163640977,-0.0041953187044073,1.1881459561495125
SZ000004,国华网安,20191231,31.242491373946084,29.166923531773627,33.96063729878196,4.60277669932651,4.887418857726425,0.2853721773487816,0.0874029111721009,1.2313745618719312,0.090260812872351,0.1260412613665429
SH601519,大智慧,20191231,36.00638935862257,61.12675197490023,0.8673360180745422,71.79501526268012,0.8248326283286599,1.1692441981969242,0.9736146292579084,0.8547513860117061,0.2394066700039117,0.9806064105703562
SH600722,金牛化工,20191231,36.08287662668827,31.211741705956733,43.998869169887705,-0.5124439729565712,1.1179893115744486,1.0589187825728412,1.006861586630202,0.8291156475581156,-0.0840273705743033,0.8004677430694572
SZ002578,闽发铝业,20191231,37.93006345093882,66.37625686256396,0.90713623801462,77.58595264271874,0.8144276230937905,1.1333015382941076,0.9932510366661124,1.2432373363533118,0.0266356988442237,1.2074437233465565
SH600230,沧州大化,20191231,48.48781065250584,43.66142272934922,56.59348670674024,-0.559755695603272,5.510306523911692,0.4029436341992145,0.9401820141878162,1.2010118637924667,-0.0927491741985924,1.5162360023447905
SZ002459,晶澳科技,20191231,52.06708618545069,41.20610089830088,0.1721298508082094,0.0832286494064957,0.4936581523147652,65.02823477426558,1.2714883855359886,0.4696540127420228,0.0097844646810372,4.926799696474459
SH600086,*ST金钰,20191231,57.17913899737989,87.62973968315266,46.66103456747879,60.42037066087552,0.90726092938658,0.019311972438135,0.0,70.87102185256447,-0.1369430090478416,1.1136272494003652
SZ002761,多喜爱,20191231,62.87151503437606,50.77530493988508,9.801944369202497,-0.4788189120684808,2.6692458608313774,66.21284777888943,1.3985047236331265,0.1295984162202017,-0.0645851272061841,3.149957956249292
SH600552,凯盛科技,20191231,63.10604800637707,109.32014028770944,1.0640590001133114,124.69386637965847,0.95144518032579,1.2366839170764494,0.8024993473701305,0.8075520530713922,0.0076795272397881,1.0644483450914908
SH603377,东方时尚,20191231,68.79807551993456,60.32495509230785,78.0009772088953,0.9229723257397277,0.9452959325561456,1.0395800578949472,0.4953133901901641,1.0948589189320677,0.1198798430427015,1.067036575067347
SZ002379,宏创控股,20191231,78.20225386613639,137.21313816503263,0.8733392485405344,156.15400917933275,0.3484629872042756,1.0465116104541357,1.1856100084163783,2.020345271378499,-0.0082514178581242,3.165259549531577
SH600139,西部资源,20191231,87.88568957282769,153.2910267931497,31.87980746454352,146.0081613369614,1.1046820742883656,0.0059980423566138,1.6464860945859965,80.53981308188644,-0.0340155385941647,0.9939560794293832
SZ002283,天润工业,20191231,94.71893158647848,164.2395667950367,1.1262194745927618,185.2729619794174,1.2175913424695095,0.9410352466634044,1.1554268799303693,0.9682436538158392,-0.0601058802800726,0.9716372066235814
SZ000587,*ST金洲,20191231,100.62236386203377,158.28247297354696,27.522253835004857,155.5579137778331,0.8360805823593169,0.0984118880887784,1.8208511731067905,12.84176169931508,-0.0010994474326835,1.2651946740137627
SZ000662,*ST天夏,20191231,238.25398495980733,419.0634794199704,15.64182669036606,454.3947664536813,0.93156446213934,0.0295396383754299,0.0,63.43467263137924,0.120307119965962,3.88925689520447
SH603959,百利科技,20191231,274.4459489500455,473.1718570901409,1.169623791302157,526.5490183259658,0.7952228522580328,0.8651668583142156,1.2051805399436537,1.5017199958574694,-0.0682425354958844,1.4127785419320775
SZ300430,诚益通,20191231,336.11246242666493,577.8309942501631,0.7736714748405977,641.9366337484762,1.205851808275222,1.1692429442252208,1.039767634889874,0.983441433971775,0.042169815858142,1.1612254004446525
SH688196,卓越新能,20191231,481.9045310567429,430.5613801461864,528.2526872743557,0.7389762716392103,0.5321722346043861,1.1056012615260984,0.9029138098312622,1.1801172837851908,-0.1488821908441903,0.1331796926939243
SZ000609,中迪投资,20191231,541.0875885003452,481.4605419046862,587.7366421683535,0.7056964444152658,1.7787443775543217,2.796061185474465,1.1154498655715408,0.4281409672185112,0.4260325815837529,1.295022203596394
SZ002575,*ST群兴,20191231,545.9071237481899,488.55818983256256,609.9317919941999,-9.414419014905866,1.174072375195305,0.6730317020222434,0.0,2.0336758166375453,-0.0131904415484148,18.60082828110025
SZ000668,荣丰控股,20191231,1106.1552116739322,987.065655457365,1210.068785356127,-4.0474274402552295,0.9078981297824672,0.305936788407037,1.432468242011134,3.340795413221069,-0.0141566994872771,0.9008974458642726
SH600131,国网信通,20191231,1254.561909529207,1120.7330143994288,1364.8302430029123,-0.9079425443327844,0.3516716442381812,5.0697560436104245,4.876298924259098,1.2137485180859515,-0.0675616289235816,1.4150057329754595
SZ000953,*ST河化,20191231,5450.751475586085,8002.472819348473,6.356634469075921,0.3029280690185107,13494.806768170123,0.6129560126740448,1.6070407843244607,1.1469253943421118,-0.5716440829001266,0.5445905456358702
SZ000567,海德股份,20191231,6153.081978408997,4944.320492527143,0.0,-0.0014691307362145,2.678102086019671,6901.928780751173,1.081992747571275,0.0001162775826755,0.1572685798913825,1.6511939275558871
