code,name,level_0,eps,roe,fcff,ocf_to_profit,free_cashflow,grossprofit_margin,debt_to_assets,current_ratio,industry_name_L1_L2_L3
SH600004,白云机场,0,0.12351778656126482,0.13389328063241107,0.04421936758893281,0.17527173913043478,0.04421936758893281,0.017786561264822136,0.26210474308300397,0.05657114624505929,0.5263089005235602
SH600008,首创环保,3,0.4451581027667984,0.44639328063241107,0.009881422924901186,0.8127470355731226,0.009881422924901186,0.5736166007905138,0.8421442687747036,0.061017786561264824,0.6112565445026178
SH600010,包钢股份,5,0.15328557312252963,0.16971343873517786,0.9609683794466403,0.9483695652173914,0.9609683794466403,0.10721343873517787,0.7475296442687747,0.06546442687747035,0.937303664921466
SH600011,华能国际,6,0.37907608695652173,0.33547430830039526,0.006422924901185771,0.9355237154150198,0.006422924901185771,0.27544466403162055,0.875,0.02198616600790514,0.6507853403141362
SH600017,日照港,8,0.412796442687747,0.39698616600790515,0.1432806324110672,0.70899209486166,0.1432806324110672,0.47060276679841895,0.5625,0.031373517786561264,0.5736910994764398
SH600020,中原高速,11,0.23678359683794467,0.22653162055335968,0.07583992094861661,0.974802371541502,0.07583992094861661,0.6259881422924901,0.9281126482213439,0.025938735177865612,0.13913612565445027
SH600021,上海电力,12,0.48888339920948615,0.358695652173913,0.008646245059288538,0.8903162055335968,0.008646245059288538,0.5091403162055336,0.9167490118577075,0.02050395256916996,0.6507853403141362
SH600022,山东钢铁,13,0.23851284584980237,0.299901185770751,0.9698616600790514,0.8885869565217391,0.9698616600790514,0.06793478260869565,0.720108695652174,0.05150691699604743,0.937303664921466
SH600025,华能水电,15,0.46961462450592883,0.5469367588932806,0.9864130434782609,0.8641304347826086,0.9864130434782609,0.8799407114624506,0.8011363636363636,0.00691699604743083,0.6447643979057591
SH600026,中远海能,16,0.6442687747035574,0.5150691699604744,0.7692687747035574,0.8532608695652174,0.7692687747035574,0.5565711462450593,0.5854743083003953,0.09016798418972333,0.5774869109947643
SH600027,华电国际,17,0.5234683794466403,0.4481225296442688,0.9241600790513834,0.9182312252964426,0.9241600790513834,0.2467885375494071,0.7865612648221344,0.021245059288537548,0.6507853403141362
SH600029,南方航空,19,0.04693675889328063,0.07707509881422925,0.01951581027667984,0.17527173913043478,0.01951581027667984,0.015810276679841896,0.9229249011857708,0.018774703557312252,0.5278795811518324
SH600033,福建高速,22,0.3606719367588933,0.3631422924901186,0.8725296442687747,0.7818675889328063,0.8725296442687747,0.8614130434782609,0.24135375494071146,0.08695652173913043,0.13913612565445027
SH600035,楚天高速,23,0.39204545454545453,0.3848814229249012,0.932806324110672,0.8747529644268774,0.932806324110672,0.8060770750988142,0.70899209486166,0.019268774703557312,0.13913612565445027
SH600050,中国联通,28,0.37524703557312256,0.3189229249011858,0.9962944664031621,0.9683794466403162,0.9962944664031621,0.4824604743083004,0.5328557312252964,0.03186758893280633,0.862696335078534
SH600075,新疆天业,49,0.7212203557312253,0.8194169960474308,0.9093379446640316,0.5634881422924901,0.9093379446640316,0.5622529644268774,0.629693675889328,0.08176877470355731,0.3658376963350785
SH600078,*ST澄星,52,0.0037055335968379445,0.0014822134387351778,0.8332509881422925,0.17527173913043478,0.8332509881422925,0.16279644268774704,0.9918478260869565,0.010375494071146246,0.2244764397905759
SH600093,*ST易见,64,0.00024703557312252963,0.0009881422924901185,0.9908596837944664,0.17527173913043478,0.9908596837944664,0.029644268774703556,0.9960474308300395,0.07633399209486166,0.0
SH600096,云天化,67,0.3964920948616601,0.38537549407114624,0.861907114624506,0.967391304347826,0.861907114624506,0.1600790513833992,0.966897233201581,0.052618577075098816,0.22539267015706807
SH600112,*ST天成,82,0.0825098814229249,0.006175889328063241,0.7448122529644269,0.17527173913043478,0.7448122529644269,0.12845849802371542,0.9928359683794467,0.007905138339920948,0.0
SH600115,中国东航,85,0.04940711462450593,0.06867588932806325,0.9409584980237155,0.17527173913043478,0.9409584980237155,0.005681818181818182,0.9523221343873518,0.004693675889328063,0.5278795811518324
SH600116,三峡水利,86,0.588191699604743,0.6000494071146245,0.6615612648221344,0.6553853754940712,0.6615612648221344,0.2865612648221344,0.5899209486166008,0.04273715415019763,0.6447643979057591
SH600117,西宁特钢,87,0.23184288537549408,0.33695652173913043,0.8409090909090909,0.928606719367589,0.8409090909090909,0.16872529644268774,0.9335474308300395,0.0358201581027668,0.9418848167539267
SH600121,郑州煤电,90,0.046689723320158104,0.033102766798418976,0.9476284584980237,0.17527173913043478,0.9476284584980237,0.15365612648221344,0.9602272727272727,0.04125494071146245,0.5845549738219895
SH600123,兰花科创,92,0.5207509881422925,0.30434782608695654,0.8693181818181818,0.6605731225296443,0.8693181818181818,0.6650197628458498,0.7642045454545454,0.022727272727272728,0.5845549738219895
SH600132,重庆啤酒,100,0.9654150197628458,0.9982707509881423,0.9735671936758893,0.7991600790513834,0.9735671936758893,0.8631422924901185,0.9661561264822134,0.03878458498023715,0.9910994764397906
SH600136,当代文体,103,0.003952569169960474,0.02050395256916996,0.9318181818181818,0.17527173913043478,0.9318181818181818,0.005928853754940711,0.9256422924901185,0.04224308300395257,0.09947643979057591
SH600139,ST西源,106,0.09412055335968379,0.01408102766798419,0.8626482213438735,0.17527173913043478,0.8626482213438735,0.9221837944664032,0.9399703557312253,0.07201086956521739,0.7670157068062827
SH600141,兴发集团,107,0.6998517786561265,0.48987154150197626,0.9523221343873518,0.8977272727272727,0.9523221343873518,0.24777667984189725,0.8248517786561265,0.035326086956521736,0.2244764397905759
SH600157,永泰能源,119,0.4073616600790514,0.7870553359683794,0.011857707509881422,0.5335968379446641,0.011857707509881422,0.4298418972332016,0.7381422924901185,0.012845849802371542,0.5790575916230366
SH600165,新日恒力,126,0.19256422924901187,0.23962450592885376,0.14797430830039526,0.001976284584980237,0.14797430830039526,0.17144268774703558,0.8070652173913043,0.056818181818181816,0.18979057591623036
SH600166,福田汽车,127,0.17897727272727273,0.18132411067193677,0.9878952569169961,0.9995059288537549,0.9878952569169961,0.15291501976284586,0.8984683794466403,0.0691699604743083,0.5341623036649215
SH600168,武汉控股,129,0.5513833992094862,0.3725296442687747,0.03779644268774703,0.9305830039525692,0.03779644268774703,0.545701581027668,0.8500494071146245,0.09362648221343874,0.5904450261780104
SH600172,黄河旋风,133,0.05138339920948617,0.05311264822134387,0.6988636363636364,0.17527173913043478,0.6988636363636364,0.337203557312253,0.8752470355731226,0.05410079051383399,0.9153141361256545
SH600186,莲花健康,144,0.2177618577075099,0.9310770750988142,0.05558300395256917,0.005928853754940711,0.05558300395256917,0.2848320158102767,0.9797430830039525,0.057806324110671936,0.9781413612565445
SH600188,兖州煤业,146,0.9155138339920948,0.7297430830039525,0.995800395256917,0.7386363636363636,0.995800395256917,0.17910079051383399,0.8873517786561265,0.045701581027667984,0.5845549738219895
SH600190,锦州港,148,0.27532114624505927,0.27445652173913043,0.025691699604743084,0.9004446640316206,0.025691699604743084,0.19318181818181818,0.8315217391304348,0.0800395256916996,0.5736910994764398
SH600198,*ST大唐,155,0.0200098814229249,0.14402173913043478,0.9066205533596838,0.17527173913043478,0.9066205533596838,0.6193181818181818,0.9938241106719368,0.022974308300395256,0.33298429319371725
SH600221,*ST海航,175,0.001976284584980237,0.0007411067193675889,0.0004940711462450593,0.17527173913043478,0.0004940711462450593,0.003458498023715415,0.9935770750988142,0.01408102766798419,0.5278795811518324
SH600225,*ST松江,178,0.0017292490118577075,0.14402173913043478,0.8848814229249012,0.17527173913043478,0.8848814229249012,0.7529644268774703,0.9955533596837944,0.025197628458498024,0.4587696335078534
SH600234,山水文化,187,0.4775197628458498,0.9935770750988142,0.4775197628458498,0.31719367588932806,0.4775197628458498,0.20775691699604742,0.970602766798419,0.07732213438735178,0.7670157068062827
SH600236,桂冠电力,189,0.4740612648221344,0.795701581027668,0.9582509881422925,0.7969367588932806,0.9582509881422925,0.8527667984189723,0.7425889328063241,0.04743083003952569,0.6447643979057591
SH600239,*ST云城,192,0.01840415019762846,0.0024703557312252965,0.9925889328063241,0.17527173913043478,0.9925889328063241,0.8416501976284585,0.9891304347826086,0.08596837944664032,0.4587696335078534
SH600250,南纺股份,199,0.24382411067193677,0.2359189723320158,0.6000494071146245,0.9367588932806324,0.6000494071146245,0.1390810276679842,0.6924407114624506,0.07682806324110672,0.85
SH600256,广汇能源,203,0.399703557312253,0.5377964426877471,0.9819664031620553,0.8831521739130435,0.9819664031620553,0.533102766798419,0.879693675889328,0.010869565217391304,0.37094240837696335
SH600258,首旅酒店,205,0.06991106719367589,0.11042490118577075,0.30854743083003955,0.17527173913043478,0.30854743083003955,0.16551383399209485,0.6188241106719368,0.030138339920948616,0.9287958115183246
SH600267,海正药业,212,0.5995553359683794,0.4575098814229249,0.8757411067193676,0.8204051383399209,0.8757411067193676,0.7964426877470355,0.787302371541502,0.06966403162055336,0.2547120418848168
SH600275,*ST昌鱼,218,0.13463438735177866,0.03977272727272727,0.37623517786561267,0.17527173913043478,0.37623517786561267,0.2749505928853755,0.8591897233201581,0.04298418972332016,0.1506544502617801
SH600280,中央商场,223,0.24382411067193677,0.5931324110671937,0.9172430830039525,0.3957509881422925,0.9172430830039525,0.7811264822134387,0.982707509881423,0.06274703557312253,0.9507853403141361
SH600283,钱江水利,226,0.5739871541501976,0.495800395256917,0.12302371541501976,0.8031126482213439,0.12302371541501976,0.7435770750988142,0.7294960474308301,0.08745059288537549,0.5904450261780104
SH600293,三峡新材,234,0.013710474308300396,0.016304347826086956,0.8685770750988142,0.17527173913043478,0.8685770750988142,0.20207509881422925,0.745800395256917,0.08868577075098814,0.8678010471204188
SH600295,鄂尔多斯,235,0.8491847826086957,0.7070158102766798,0.9755434782608695,0.8137351778656127,0.9755434782608695,0.6116600790513834,0.7959486166007905,0.07806324110671936,0.7468586387434555
SH600306,*ST商城,244,0.04434288537549407,0.14402173913043478,0.5274209486166008,0.17527173913043478,0.5274209486166008,0.3468379446640316,0.9943181818181818,0.0012351778656126482,0.9507853403141361
SH600307,酒钢宏兴,245,0.2618577075098814,0.3416501976284585,0.9426877470355731,0.8270750988142292,0.9426877470355731,0.141798418972332,0.8947628458498024,0.036561264822134384,0.937303664921466
SH600309,万华化学,247,0.9836956521739131,0.9384881422924901,0.024703557312252964,0.7072628458498024,0.024703557312252964,0.5,0.8008893280632411,0.05150691699604743,0.2836387434554974
SH600310,桂东电力,248,0.5019762845849802,0.7186264822134387,0.9538043478260869,0.9377470355731226,0.9538043478260869,0.055830039525691696,0.9720849802371542,0.036314229249011856,0.6447643979057591
SH600319,*ST亚星,254,0.13142292490118576,0.024950592885375496,0.441699604743083,0.17527173913043478,0.441699604743083,0.10894268774703557,0.9901185770750988,0.0014822134387351778,0.3658376963350785
SH600323,瀚蓝环境,258,0.9066205533596838,0.8236166007905138,0.048666007905138337,0.7265316205533597,0.048666007905138337,0.567193675889328,0.8695652173913043,0.0291501976284585,0.618324607329843
SH600328,中盐化工,262,0.6971343873517787,0.5990612648221344,0.8804347826086957,0.8369565217391305,0.8804347826086957,0.2769268774703557,0.6175889328063241,0.032114624505928856,0.36282722513089005
SH600331,宏达股份,265,0.029644268774703556,0.002717391304347826,0.4137845849802372,0.17527173913043478,0.4137845849802372,0.08819169960474309,0.9893774703557312,0.013092885375494072,0.4899214659685864
SH600333,长春燃气,267,0.18811758893280633,0.17045454545454544,0.408596837944664,0.5508893280632411,0.408596837944664,0.38191699604743085,0.8016304347826086,0.007658102766798419,0.5959424083769633
SH600338,西藏珠峰,271,0.19441699604743082,0.1907114624505929,0.9342885375494071,0.8554841897233202,0.9342885375494071,0.9189723320158103,0.58399209486166,0.017045454545454544,0.4899214659685864
SH600346,恒力石化,276,0.955657114624506,0.9812252964426877,0.929100790513834,0.6788537549407114,0.929100790513834,0.30113636363636365,0.9305830039525692,0.053606719367588936,0.2636125654450262
SH600348,华阳股份,277,0.7081274703557312,0.462203557312253,0.9745553359683794,0.8191699604743083,0.9745553359683794,0.2628458498023715,0.7166501976284585,0.0533596837944664,0.5845549738219895
SH600350,山东高速,278,0.5842391304347826,0.4567687747035573,0.031126482213438736,0.7191205533596838,0.031126482213438736,0.6447628458498024,0.7954545454545454,0.06991106719367589,0.13913612565445027
SH600359,新农开发,286,0.28273221343873517,0.5380434782608695,0.4006916996047431,0.8342391304347826,0.4006916996047431,0.4441699604743083,0.9120553359683794,0.08102766798418973,0.750261780104712
SH600375,汉马科技,300,0.04125494071146245,0.07065217391304347,0.6949110671936759,0.17527173913043478,0.6949110671936759,0.08893280632411067,0.9550395256916996,0.06175889328063241,0.5290575916230367
SH600377,宁沪高速,302,0.6309288537549407,0.5669466403162056,0.9221837944664032,0.533102766798419,0.9221837944664032,0.7786561264822134,0.5827569169960475,0.0400197628458498,0.13913612565445027
SH600385,*ST金泰,309,0.13488142292490118,0.025444664031620552,0.3409090909090909,0.17527173913043478,0.3409090909090909,0.911808300395257,0.9807312252964426,0.09436758893280632,0.2594240837696335
SH600396,金山股份,318,0.22529644268774704,0.32633399209486164,0.3221343873517787,0.9997529644268774,0.3221343873517787,0.15192687747035574,0.9760375494071146,0.006422924901185771,0.6507853403141362
SH600397,安源煤业,319,0.10659584980237154,0.04718379446640316,0.8717885375494071,0.17527173913043478,0.8717885375494071,0.053853754940711464,0.9836956521739131,0.026432806324110672,0.5845549738219895
SH600403,ST大有,323,0.07732213438735178,0.07929841897233202,0.06571146245059288,0.17527173913043478,0.06571146245059288,0.4256422924901186,0.8656126482213439,0.08374505928853755,0.5845549738219895
SH600425,青松建化,337,0.37907608695652173,0.4019268774703557,0.7191205533596838,0.745800395256917,0.7191205533596838,0.5681818181818182,0.4913537549407115,0.09202075098814229,0.40680628272251307
SH600428,中远海特,339,0.2267786561264822,0.1934288537549407,0.7870553359683794,0.9886363636363636,0.7870553359683794,0.22134387351778656,0.7282608695652174,0.08288043478260869,0.5774869109947643
SH600429,三元股份,340,0.16230237154150198,0.1558794466403162,0.7514822134387352,0.9834486166007905,0.7514822134387352,0.4308300395256917,0.7230731225296443,0.09683794466403162,0.9730366492146597
SH600452,涪陵电力,350,0.8110177865612648,0.9300889328063241,0.9194664031620553,0.8693181818181818,0.9194664031620553,0.3483201581027668,0.8759881422924901,0.011116600790513834,0.6447643979057591
SH600455,博通股份,351,0.6180830039525692,0.8841403162055336,0.48196640316205536,0.6882411067193676,0.48196640316205536,0.8940217391304348,0.8730237154150198,0.05632411067193676,0.0887434554973822
SH600467,好当家,360,0.21096837944664032,0.22134387351778656,0.36141304347826086,0.9397233201581028,0.36141304347826086,0.328804347826087,0.6385869565217391,0.07287549407114624,0.1506544502617801
SH600470,六国化工,363,0.5148221343873518,0.7687747035573123,0.6474802371541502,0.4199604743083004,0.6474802371541502,0.191699604743083,0.8957509881422925,0.05113636363636364,0.22539267015706807
SH600497,驰宏锌锗,382,0.27445652173913043,0.2875494071146245,0.9085968379446641,0.9772727272727273,0.9085968379446641,0.18181818181818182,0.5071640316205533,0.019762845849802372,0.4899214659685864
SH600505,西昌电力,389,0.2758152173913043,0.2717391304347826,0.28038537549407117,0.9476284584980237,0.28038537549407117,0.36141304347826086,0.8285573122529645,0.0916501976284585,0.6447643979057591
SH600508,上海能源,392,0.8136116600790514,0.46813241106719367,0.7196146245059288,0.45207509881422925,0.7196146245059288,0.4266304347826087,0.45800395256917,0.03359683794466403,0.5845549738219895
SH600509,天富能源,393,0.21022727272727273,0.17144268774703558,0.9271245059288538,0.9765316205533597,0.9271245059288538,0.39278656126482214,0.892292490118577,0.05607707509881423,0.6549738219895288
SH600515,*ST基础,398,0.011363636363636364,0.024209486166007904,0.9817193675889329,0.17527173913043478,0.9817193675889329,0.5933794466403162,0.9708498023715415,0.058053359683794464,0.4587696335078534
SH600546,山煤国际,423,0.5948616600790514,0.6044960474308301,0.8436264822134387,0.8307806324110671,0.8436264822134387,0.3332509881422925,0.9150197628458498,0.0491600790513834,0.5845549738219895
SH600547,山东黄金,424,0.6477272727272727,0.5684288537549407,0.016798418972332016,0.7507411067193676,0.016798418972332016,0.15859683794466403,0.6551383399209486,0.03705533596837945,0.5086387434554974
SH600548,深高速,425,0.8181818181818182,0.6274703557312253,0.9562747035573123,0.32040513833992096,0.9562747035573123,0.6781126482213439,0.682806324110672,0.07485177865612648,0.13913612565445027
SH600561,江西长运,436,0.026926877470355732,0.051630434782608696,0.35597826086956524,0.17527173913043478,0.35597826086956524,0.010869565217391304,0.9288537549407114,0.008152173913043478,0.13403141361256546
SH600567,山鹰国际,441,0.49703557312252966,0.5943675889328063,0.05237154150197629,0.3987154150197628,0.05237154150197629,0.2596343873517787,0.8107707509881423,0.08621541501976285,0.925
SH600569,安阳钢铁,443,0.2556818181818182,0.24234189723320157,0.8562252964426877,0.9582509881422925,0.8562252964426877,0.11981225296442688,0.9169960474308301,0.09659090909090909,0.937303664921466
SH600578,京能电力,451,0.4031620553359684,0.41427865612648224,0.7139328063241107,0.8727766798418972,0.7139328063241107,0.27865612648221344,0.7989130434782609,0.03248517786561265,0.6507853403141362
SH600581,八一钢铁,454,0.4090909090909091,0.5024703557312253,0.9429347826086957,0.9575098814229249,0.9429347826086957,0.12450592885375494,0.9528162055335968,0.029891304347826088,0.937303664921466
SH600584,长电科技,457,0.779891304347826,0.6319169960474308,0.8606719367588933,0.9197134387351779,0.8606719367588933,0.23097826086956522,0.7645750988142292,0.06521739130434782,0.33298429319371725
SH600586,金晶科技,459,0.43700592885375494,0.5259387351778656,0.6442687747035574,0.7880434782608695,0.6442687747035574,0.33868577075098816,0.7050395256916996,0.0825098814229249,0.37408376963350787
SH600593,*ST圣亚,465,0.06546442687747035,0.08201581027667984,0.3255928853754941,0.17527173913043478,0.3255928853754941,0.13438735177865613,0.9034090909090909,0.005928853754940711,0.48442408376963353
SH600595,*ST中孚,467,0.040143280632411064,0.016798418972332016,0.8883399209486166,0.17527173913043478,0.8883399209486166,0.3147233201581028,0.991600790513834,0.008399209486166008,0.4981675392670157
SH600601,ST方科,473,0.07855731225296443,0.017045454545454544,0.7638339920948617,0.17527173913043478,0.7638339920948617,0.2734683794466403,0.9814723320158103,0.047677865612648224,0.31793193717277485
SH600617,国新能源,487,0.05237154150197629,0.0625,0.015563241106719368,0.17527173913043478,0.015563241106719368,0.1842885375494071,0.9767786561264822,0.026926877470355732,0.5959424083769633
SH600634,0,500,0.004199604743083004,0.14402173913043478,0.9614624505928854,0.17527173913043478,0.9614624505928854,0.9454051383399209,0.9992588932806324,0.019021739130434784,0.0
SH600635,大众公用,501,0.3730237154150198,0.4429347826086957,0.5064229249011858,0.30039525691699603,0.5064229249011858,0.2440711462450593,0.7613636363636364,0.050889328063241104,0.5959424083769633
SH600644,乐山电力,509,0.3967391304347826,0.46961462450592883,0.32164031620553357,0.8908102766798419,0.32164031620553357,0.4701086956521739,0.7134387351778656,0.023715415019762844,0.6447643979057591
SH600654,ST中安,518,0.12154150197628459,0.013092885375494072,0.20948616600790515,0.17527173913043478,0.20948616600790515,0.06546442687747035,0.9898715415019763,0.08127470355731226,0.8112565445026177
SH600662,强生控股,524,0.2250494071146245,0.21640316205533597,0.7509881422924901,0.9362648221343873,0.7509881422924901,0.0916501976284585,0.6195652173913043,0.09856719367588933,0.13403141361256546
SH600666,ST瑞德,528,0.06447628458498024,0.003952569169960474,0.5946146245059288,0.17527173913043478,0.5946146245059288,0.11240118577075099,0.9883893280632411,0.029644268774703556,0.12866492146596858
SH600678,四川金顶,536,0.29051383399209485,0.966897233201581,0.5553359683794467,0.7855731225296443,0.5553359683794467,0.8085474308300395,0.8673418972332015,0.016304347826086956,0.3969895287958115
SH600691,阳煤化工,547,0.22430830039525693,0.24555335968379446,0.017539525691699604,0.9960474308300395,0.017539525691699604,0.11487154150197629,0.9209486166007905,0.06472332015810277,0.2193717277486911
SH600697,欧亚集团,552,0.3317687747035573,0.1650197628458498,0.8935276679841897,0.9155138339920948,0.8935276679841897,0.7796442687747036,0.9323122529644269,0.011610671936758894,0.9459424083769633
SH600712,南宁百货,563,0.10412549407114624,0.0825098814229249,0.40810276679841895,0.17527173913043478,0.40810276679841895,0.43157114624505927,0.6558794466403162,0.049654150197628456,0.9507853403141361
SH600726,华电能源,577,0.06447628458498024,0.010375494071146246,0.08127470355731226,0.17527173913043478,0.08127470355731226,0.017539525691699604,0.9871541501976284,0.02099802371541502,0.6507853403141362
SH600732,爱旭股份,583,0.5948616600790514,0.9335474308300395,0.03359683794466403,0.2994071146245059,0.03359683794466403,0.2176383399209486,0.7077569169960475,0.06398221343873518,0.7041884816753927
SH600734,*ST实达,585,0.038290513833992096,0.14402173913043478,0.599802371541502,0.17527173913043478,0.599802371541502,0.09930830039525691,0.9970355731225297,0.016798418972332016,0.8678010471204188
SH600738,丽尚国潮,589,0.2981719367588933,0.39723320158102765,0.900691699604743,0.05508893280632411,0.900691699604743,0.9108201581027668,0.6435276679841897,0.06324110671936758,0.9615183246073299
SH600739,辽宁成大,590,0.9488636363636364,0.7302371541501976,0.9394762845849802,0.308300395256917,0.9394762845849802,0.24110671936758893,0.4226778656126482,0.0716403162055336,0.6333769633507853
SH600740,山西焦化,591,0.6677371541501976,0.64649209486166,0.8465909090909091,0.3381916996047431,0.8465909090909091,0.06052371541501976,0.579298418972332,0.04434288537549407,0.5801047120418849
SH600744,华银电力,595,0.17119565217391305,0.18478260869565216,0.9140316205533597,0.9938241106719368,0.9140316205533597,0.12401185770750989,0.9659090909090909,0.04434288537549407,0.6507853403141362
SH600758,辽宁能源,607,0.08794466403162056,0.09881422924901186,0.8705533596837944,0.17527173913043478,0.8705533596837944,0.1067193675889328,0.8693181818181818,0.06447628458498024,0.5845549738219895
SH600759,洲际油气,608,0.25123517786561267,0.2917490118577075,0.8260869565217391,0.35375494071146246,0.8260869565217391,0.7848320158102767,0.7875494071146245,0.0024703557312252965,0.7484293193717277
SH600769,祥龙电业,617,0.1615612648221344,0.5889328063241107,0.3801877470355731,0.8745059288537549,0.3801877470355731,0.6215415019762845,0.7947134387351779,0.07336956521739131,0.5992146596858638
SH600774,汉商集团,621,0.40686758893280633,0.4901185770750988,0.5869565217391305,0.8394268774703557,0.5869565217391305,0.9609683794466403,0.924901185770751,0.037302371541501976,0.2591623036649215
SH600778,友好集团,625,0.039278656126482216,0.03878458498023715,0.7996541501976284,0.17527173913043478,0.7996541501976284,0.5118577075098815,0.9696146245059288,0.018280632411067192,0.9459424083769633
SH600784,鲁银投资,630,0.5048171936758893,0.6682312252964426,0.40884387351778656,0.7262845849802372,0.40884387351778656,0.22702569169960474,0.8191699604743083,0.05731225296442688,0.7670157068062827
SH600785,新华百货,631,0.39204545454545453,0.21714426877470355,0.6371047430830039,0.9920948616600791,0.6371047430830039,0.4523221343873518,0.8357213438735178,0.05237154150197629,0.9459424083769633
SH600789,鲁抗医药,633,0.4620800395256917,0.5029644268774703,0.0983201581027668,0.49530632411067194,0.0983201581027668,0.408596837944664,0.704298418972332,0.09066205533596838,0.2412303664921466
SH600790,轻纺城,634,0.46961462450592883,0.47776679841897235,0.2865612648221344,0.0807806324110672,0.2865612648221344,0.8747529644268774,0.46368577075098816,0.046442687747035576,0.9615183246073299
SH600793,宜宾纸业,637,0.06398221343873518,0.07855731225296443,0.5390316205533597,0.17527173913043478,0.5390316205533597,0.04693675889328063,0.9580039525691699,0.039525691699604744,0.925
SH600795,国电电力,639,0.31435276679841895,0.37895256916996045,0.9938241106719368,0.9108201581027668,0.9938241106719368,0.35301383399209485,0.8648715415019763,0.01358695652173913,0.6507853403141362
SH600802,福建水泥,645,0.6981225296442688,0.8913043478260869,0.4841897233201581,0.5128458498023716,0.4841897233201581,0.42514822134387353,0.7853260869565217,0.008893280632411068,0.40680628272251307
SH600803,新奥股份,646,0.7838438735177866,0.954792490118577,0.9933300395256917,0.6193181818181818,0.9933300395256917,0.3006422924901186,0.8754940711462451,0.05311264822134387,0.5959424083769633
SH600804,鹏博士,647,0.24382411067193677,0.7339426877470355,0.0066699604743083,0.042490118577075096,0.0066699604743083,0.799407114624506,0.9817193675889329,0.017786561264822136,0.8849476439790576
SH600828,茂业商业,668,0.30953557312252966,0.28804347826086957,0.8512845849802372,0.8302865612648221,0.8512845849802372,0.9281126482213439,0.8211462450592886,0.022233201581027668,0.9507853403141361
SH600834,申通地铁,672,0.3500494071146245,0.3767292490118577,0.7895256916996047,0.043478260869565216,0.7895256916996047,0.485054347826087,0.5763339920948617,0.03285573122529644,0.13403141361256546
SH600844,丹化科技,680,0.08572134387351779,0.05731225296442688,0.3685770750988142,0.17527173913043478,0.3685770750988142,0.0133399209486166,0.34535573122529645,0.03606719367588933,0.18979057591623036
SH600856,ST中天,690,0.07608695652173914,0.004199604743083004,0.7176383399209486,0.17527173913043478,0.7176383399209486,0.007905138339920948,0.9906126482213439,0.02149209486166008,0.5959424083769633
SH600858,银座股份,692,0.04841897233201581,0.08349802371541502,0.5237154150197628,0.17527173913043478,0.5237154150197628,0.6813241106719368,0.9155138339920948,0.016551383399209488,0.9459424083769633
SH600863,内蒙华电,697,0.2939723320158103,0.3967391304347826,0.9434288537549407,0.9347826086956522,0.9434288537549407,0.20973320158102768,0.7534584980237155,0.01457509881422925,0.6507853403141362
SH600871,石化油服,705,0.14834486166007904,0.18774703557312253,0.950592885375494,0.9891304347826086,0.950592885375494,0.08547430830039526,0.9782608695652174,0.045454545454545456,0.9325916230366492
SH600876,洛阳玻璃,710,0.6912055335968379,0.9429347826086957,0.7334486166007905,0.4441699604743083,0.7334486166007905,0.599308300395257,0.8782114624505929,0.05533596837944664,0.4099476439790576
SH600886,国投电力,719,0.7677865612648221,0.7480237154150198,0.995306324110672,0.7840909090909091,0.995306324110672,0.8117588932806324,0.8307806324110671,0.04693675889328063,0.6447643979057591
SH600887,伊利股份,720,0.875,0.9599802371541502,0.9014328063241107,0.608201581027668,0.9014328063241107,0.695899209486166,0.745306324110672,0.09461462450592885,0.9730366492146597
SH600900,长江电力,731,0.8779644268774703,0.8596837944664032,0.9967885375494071,0.6484683794466403,0.9967885375494071,0.9340415019762845,0.5869565217391305,0.004199604743083004,0.6447643979057591
SH600903,贵州燃气,732,0.37907608695652173,0.5056818181818182,0.208498023715415,0.633399209486166,0.208498023715415,0.3265810276679842,0.8226284584980237,0.03458498023715415,0.5959424083769633
SH600936,广西广电,738,0.129199604743083,0.12129446640316205,0.06348814229249011,0.17527173913043478,0.06348814229249011,0.3349802371541502,0.8465909090909091,0.08942687747035573,0.8599476439790575
SH600956,新天绿能,740,0.5668231225296443,0.7277667984189723,0.7146739130434783,0.7724802371541502,0.7146739130434783,0.5116106719367589,0.8999505928853755,0.05854743083003953,0.6379581151832461
SH600959,江苏有线,742,0.18811758893280633,0.170701581027668,0.8621541501976284,0.17527173913043478,0.8621541501976284,0.45429841897233203,0.3866106719367589,0.08028656126482213,0.8599476439790575
SH600961,株冶集团,744,0.35585474308300397,0.9990118577075099,0.9046442687747036,0.6274703557312253,0.9046442687747036,0.05607707509881423,0.9728260869565217,0.05212450592885375,0.4899214659685864
SH600966,博汇纸业,748,0.7050395256916996,0.8154644268774703,0.9688735177865613,0.9046442687747036,0.9688735177865613,0.266304347826087,0.8826581027667985,0.05459486166007905,0.925
SH600969,郴电国际,751,0.26235177865612647,0.1741600790513834,0.06299407114624506,0.9412055335968379,0.06299407114624506,0.21516798418972333,0.9115612648221344,0.055830039525691696,0.6447643979057591
SH600979,广安爱众,758,0.34955533596837945,0.3732707509881423,0.6539031620553359,0.866600790513834,0.6539031620553359,0.6037549407114624,0.6818181818181818,0.08522727272727272,0.6447643979057591
SH600985,淮北矿业,764,0.9299654150197628,0.875,0.45726284584980237,0.6568675889328063,0.45726284584980237,0.29150197628458496,0.8097826086956522,0.027420948616600792,0.5845549738219895
SH600995,文山电力,772,0.4367588932806324,0.38636363636363635,0.5348320158102767,0.8510375494071146,0.5348320158102767,0.15760869565217392,0.2299901185770751,0.08893280632411067,0.6447643979057591
SH600996,贵广网络,773,0.13883399209486166,0.13488142292490118,0.15069169960474307,0.17527173913043478,0.15069169960474307,0.3977272727272727,0.9026679841897233,0.06793478260869565,0.8599476439790575
SH601008,连云港,784,0.19528162055335968,0.183300395256917,0.591897233201581,0.04940711462450593,0.591897233201581,0.42811264822134387,0.6521739130434783,0.037549407114624504,0.5736910994764398
SH601011,宝泰隆,786,0.18811758893280633,0.17366600790513834,0.7855731225296443,0.9691205533596838,0.7855731225296443,0.20899209486166007,0.45133399209486164,0.04496047430830039,0.5801047120418849
SH601015,陕西黑猫,788,0.3675889328063241,0.3757411067193676,0.875,0.02865612648221344,0.875,0.11758893280632411,0.7067687747035574,0.06027667984189723,0.5801047120418849
SH601020,ST华钰,792,0.3317687747035573,0.28310276679841895,0.7613636363636364,0.983201581027668,0.7613636363636364,0.208498023715415,0.4137845849802372,0.011363636363636364,0.4899214659685864
SH601101,昊华能源,805,0.2046689723320158,0.1632905138339921,0.0625,0.9498517786561265,0.0625,0.7099802371541502,0.7198616600790514,0.025691699604743084,0.5845549738219895
SH601111,中国国航,809,0.03285573122529644,0.07534584980237154,0.004693675889328063,0.17527173913043478,0.004693675889328063,0.011116600790513834,0.8967391304347826,0.005434782608695652,0.5278795811518324
SH601127,小康股份,815,0.021368577075098816,0.044713438735177864,0.09980237154150198,0.17527173913043478,0.09980237154150198,0.05113636363636364,0.9473814229249012,0.051877470355731224,0.5306282722513089
SH601139,深圳燃气,818,0.6158596837944664,0.7050395256916996,0.9644268774703557,0.7895256916996047,0.9644268774703557,0.47579051383399207,0.6657608695652174,0.04841897233201581,0.5959424083769633
SH601168,西部矿业,823,0.5668231225296443,0.5649703557312253,0.7786561264822134,0.8043478260869565,0.7786561264822134,0.19738142292490118,0.8705533596837944,0.07954545454545454,0.4899214659685864
SH601200,上海环境,830,0.7149209486166008,0.5242094861660079,0.04792490118577075,0.6331521739130435,0.04792490118577075,0.5424901185770751,0.7702569169960475,0.040266798418972335,0.618324607329843
SH601233,桐昆股份,841,0.9236660079051383,0.7527173913043478,0.7919960474308301,0.5995553359683794,0.7919960474308301,0.06595849802371541,0.5699110671936759,0.06126482213438735,0.2636125654450262
SH601330,绿色动力,848,0.5995553359683794,0.6998517786561265,0.06645256916996048,0.3132411067193676,0.06645256916996048,0.9061264822134387,0.8653656126482213,0.07114624505928854,0.618324607329843
SH601366,利群股份,852,0.37907608695652173,0.28063241106719367,0.09313241106719368,0.888092885375494,0.09313241106719368,0.5200098814229249,0.8270750988142292,0.05928853754940711,0.9459424083769633
SH601368,绿城水务,853,0.48048418972332013,0.42045454545454547,0.029891304347826088,0.8604249011857708,0.029891304347826088,0.7509881422924901,0.9021739130434783,0.050642292490118576,0.5904450261780104
SH601600,中国铝业,875,0.18317687747035574,0.19713438735177866,0.013092885375494072,0.9649209486166008,0.013092885375494072,0.08695652173913043,0.8263339920948617,0.07905138339920949,0.4981675392670157
SH601666,平煤股份,887,0.6973814229249012,0.5975790513833992,0.9412055335968379,0.575592885375494,0.9412055335968379,0.5284090909090909,0.8633893280632411,0.03804347826086957,0.5845549738219895
SH601699,潞安环能,897,0.7177618577075099,0.5079051383399209,0.8947628458498024,0.4688735177865613,0.8947628458498024,0.6472332015810277,0.8636363636363636,0.07398715415019763,0.5845549738219895
SH601816,京沪高铁,914,0.2380187747035573,0.21961462450592886,0.983201581027668,0.8987154150197628,0.983201581027668,0.6047430830039525,0.33695652173913043,0.07509881422924901,0.13586387434554975
SH601828,美凯龙,916,0.6042490118577075,0.3147233201581028,0.9288537549407114,0.7020750988142292,0.9288537549407114,0.9256422924901185,0.7976778656126482,0.029397233201581028,0.9615183246073299
SH601857,中国石油,917,0.28273221343873517,0.20503952569169961,0.0029644268774703555,0.945899209486166,0.0029644268774703555,0.3339920948616601,0.5684288537549407,0.09090909090909091,0.7484293193717277
SH601866,中远海发,920,0.35079051383399207,0.5726284584980237,0.003458498023715415,0.929100790513834,0.003458498023715415,0.45306324110671936,0.9644268774703557,0.04619565217391304,0.5774869109947643
SH601918,新集能源,936,0.5205039525691699,0.7616106719367589,0.7151679841897233,0.6442687747035574,0.7151679841897233,0.713191699604743,0.9152667984189723,0.002717391304347826,0.5845549738219895
SH601929,吉视传媒,939,0.1756422924901186,0.17786561264822134,0.04619565217391304,1.0,0.04619565217391304,0.6128952569169961,0.6578557312252964,0.08547430830039526,0.8599476439790575
SH601991,大唐发电,953,0.287796442687747,0.3480731225296443,0.9854249011857708,0.920701581027668,0.9854249011857708,0.299901185770751,0.8710474308300395,0.021739130434782608,0.6507853403141362
SH603021,山东华鹏,977,0.34313241106719367,0.3241106719367589,0.533102766798419,0.06052371541501976,0.533102766798419,0.5150691699604744,0.7784090909090909,0.04792490118577075,0.3774869109947644
SH603031,安德利,986,0.13599308300395258,0.13562252964426877,0.3070652173913043,0.9985177865612648,0.3070652173913043,0.34288537549407117,0.8265810276679841,0.033102766798418976,0.9552356020942409
SH603069,海汽集团,1010,0.09226778656126482,0.09782608695652174,0.24061264822134387,0.17527173913043478,0.24061264822134387,0.056818181818181816,0.5965909090909091,0.08473320158102766,0.13403141361256546
SH603101,汇嘉时代,1029,0.1956521739130435,0.18725296442687747,0.3423913043478261,0.907608695652174,0.3423913043478261,0.633399209486166,0.8522727272727273,0.03779644268774703,0.9507853403141361
SH603157,*ST拉夏,1056,0.0030879446640316205,0.0004940711462450593,0.09757905138339922,0.17527173913043478,0.09757905138339922,0.849308300395257,0.9948122529644269,0.009140316205533596,0.518324607329843
SH603167,渤海轮渡,1063,0.48888339920948615,0.32954545454545453,0.7112154150197628,0.7613636363636364,0.7112154150197628,0.30360671936758893,0.3567193675889328,0.04397233201581028,0.5774869109947643
SH603178,圣龙股份,1067,0.4775197628458498,0.5592885375494071,0.5864624505928854,0.895998023715415,0.5864624505928854,0.2198616600790514,0.8312747035573123,0.07361660079051384,0.5532722513089006
SH603222,济民医疗,1092,0.17119565217391305,0.1674901185770751,0.23838932806324112,0.9525691699604744,0.23838932806324112,0.7702569169960475,0.7112154150197628,0.09930830039525691,0.2861256544502618
SH603225,新凤鸣,1094,0.5995553359683794,0.3880928853754941,0.028903162055335968,0.9562747035573123,0.028903162055335968,0.05311264822134387,0.7532114624505929,0.058794466403162056,0.2636125654450262
SH603260,合盛硅业,1107,0.9210721343873518,0.8367094861660079,0.9486166007905138,0.4557806324110672,0.9486166007905138,0.5333498023715415,0.6635375494071146,0.04076086956521739,0.48075916230366494
SH603300,华铁应急,1123,0.6104249011857708,0.7495059288537549,0.044713438735177864,0.5936264822134387,0.044713438735177864,0.8856225296442688,0.6437747035573123,0.09313241106719368,0.04594240837696335
SH603363,傲农生物,1163,0.821393280632411,0.9809782608695652,0.030879446640316204,0.32460474308300397,0.030879446640316204,0.27223320158102765,0.8717885375494071,0.043478260869565216,0.16452879581151833
SH603377,东方时尚,1169,0.4775197628458498,0.5301383399209486,0.8162055335968379,0.9617094861660079,0.8162055335968379,0.8092885375494071,0.5716403162055336,0.01951581027667984,0.06570680628272252
SH603386,广东骏亚,1175,0.6597084980237155,0.691699604743083,0.4923418972332016,0.6257411067193676,0.4923418972332016,0.3999505928853755,0.8164525691699605,0.08448616600790514,0.31793193717277485
SH603555,ST贵人,1220,0.05990612648221344,0.003458498023715415,0.7811264822134387,0.17527173913043478,0.7811264822134387,0.6954051383399209,0.9913537549407114,0.02766798418972332,0.5119109947643979
SH603603,博天环境,1248,0.034708498023715416,0.02149209486166008,0.09461462450592885,0.17527173913043478,0.09461462450592885,0.12870553359683795,0.9777667984189723,0.02816205533596838,0.618324607329843
SH603619,中曼石油,1262,0.026062252964426876,0.06126482213438735,0.17267786561264822,0.17527173913043478,0.17267786561264822,0.16180830039525693,0.8122529644268774,0.06682312252964427,0.9325916230366492
SH603797,联泰环保,1349,0.6552618577075099,0.8364624505928854,0.05014822134387352,0.7727272727272727,0.05014822134387352,0.9587450592885376,0.9352766798418972,0.020256916996047432,0.5904450261780104
SH603799,华友钴业,1351,0.8407855731225297,0.7695158102766798,0.02717391304347826,0.6413043478260869,0.02717391304347826,0.23468379446640317,0.7040513833992095,0.09560276679841898,0.5028795811518325
SH603881,数据港,1394,0.7081274703557312,0.4765316205533597,0.12401185770750989,0.5548418972332015,0.12401185770750989,0.7534584980237155,0.8125,0.059041501976284584,0.7887434554973822
SH603885,吉祥航空,1397,0.10412549407114624,0.12055335968379446,0.057806324110671936,0.17527173913043478,0.057806324110671936,0.016798418972332016,0.858201581027668,0.015810276679841896,0.5278795811518324
SH603996,*ST中新,1464,0.007287549407114625,0.14402173913043478,0.8910573122529645,0.17527173913043478,0.8910573122529645,0.002717391304347826,0.9995059288537549,0.0029644268774703555,0.7715968586387435
SH605006,山东玻纤,1470,0.5809041501976284,0.6815711462450593,0.7425889328063241,0.8280632411067194,0.7425889328063241,0.5259387351778656,0.7922430830039525,0.057065217391304345,0.281413612565445
SZ000035,中国天楹,1762,0.4620800395256917,0.42193675889328064,0.08695652173913043,0.8725296442687747,0.08695652173913043,0.21467391304347827,0.929100790513834,0.09992588932806325,0.618324607329843
SZ000056,皇庭国际,1774,0.10153162055335968,0.11017786561264822,0.9026679841897233,0.17527173913043478,0.9026679841897233,0.941699604743083,0.7690217391304348,0.005681818181818182,0.962958115183246
SZ000061,农产品,1778,0.3866106719367589,0.43033596837944665,0.10029644268774704,0.5805335968379447,0.10029644268774704,0.6966403162055336,0.8258399209486166,0.025444664031620552,0.9615183246073299
SZ000089,深圳机场,1788,0.16082015810276679,0.14970355731225296,0.022233201581027668,0.9775197628458498,0.022233201581027668,0.06669960474308301,0.19046442687747037,0.06744071146245059,0.5263089005235602
SZ000150,宜华健康,1793,0.05039525691699605,0.005928853754940711,0.8080533596837944,0.17527173913043478,0.8080533596837944,0.19911067193675888,0.9861660079051383,0.03680830039525692,0.3043193717277487
SZ000407,胜利股份,1810,0.35585474308300397,0.42366600790513836,0.26457509881422925,0.720108695652174,0.26457509881422925,0.26358695652173914,0.7448122529644269,0.07608695652173914,0.5959424083769633
SZ000420,吉林化纤,1818,0.1267292490118577,0.10350790513833992,0.2964426877470356,0.17527173913043478,0.2964426877470356,0.07460474308300395,0.8347332015810277,0.028903162055335968,0.26570680628272253
SZ000422,湖北宜化,1820,0.31435276679841895,0.991106719367589,0.26877470355731226,0.9846837944664032,0.26877470355731226,0.12722332015810275,0.9851778656126482,0.042490118577075096,0.3658376963350785
SZ000426,兴业矿业,1823,0.12771739130434784,0.12450592885375494,0.7077569169960475,0.17527173913043478,0.7077569169960475,0.8515316205533597,0.5602766798418972,0.011857707509881422,0.4899214659685864
SZ000428,华天酒店,1824,0.07015810276679842,0.06472332015810277,0.7922430830039525,0.17527173913043478,0.7922430830039525,0.08967391304347826,0.8930335968379447,0.01383399209486166,0.9287958115183246
SZ000430,张家界,1826,0.10560770750988142,0.10894268774703557,0.14204545454545456,0.17527173913043478,0.14204545454545456,0.009140316205533596,0.5830039525691699,0.030879446640316204,0.48586387434554973
SZ000488,晨鸣纸业,1827,0.5513833992094862,0.48196640316205536,0.991106719367589,0.9698616600790514,0.991106719367589,0.4034090909090909,0.9068675889328063,0.07065217391304347,0.925
SZ000501,鄂武商A,1829,0.7435770750988142,0.4125494071146245,0.08102766798418973,0.7660573122529645,0.08102766798418973,0.6803359683794467,0.7398715415019763,0.033349802371541504,0.9507853403141361
SZ000506,中润资源,1834,0.06694664031620554,0.019268774703557312,0.8386857707509882,0.17527173913043478,0.8386857707509882,0.58399209486166,0.9300889328063241,0.03483201581027668,0.48795811518324606
SZ000516,国际医学,1840,0.17119565217391305,0.1766304347826087,0.0400197628458498,0.9513339920948617,0.0400197628458498,0.010622529644268774,0.7642045454545454,0.07979249011857707,0.3043193717277487
SZ000523,*ST浪奇,1846,0.0004940711462450593,0.14402173913043478,0.9481225296442688,0.17527173913043478,0.9481225296442688,0.09733201581027667,0.9977766798418972,0.014822134387351778,0.21230366492146596
SZ000526,学大教育,1849,0.6133893280632411,0.9878952569169961,0.7611166007905138,0.8216403162055336,0.7611166007905138,0.4775197628458498,0.986907114624506,0.016057312252964428,0.08285340314136126
SZ000531,穗恒运A,1853,0.8668478260869565,0.8720355731225297,0.8673418972332015,0.46615612648221344,0.8673418972332015,0.517292490118577,0.7418478260869565,0.06348814229249011,0.6507853403141362
SZ000536,华映科技,1856,0.4266304347826087,0.7149209486166008,0.06867588932806325,0.43799407114624506,0.06867588932806325,0.008399209486166008,0.708498023715415,0.023962450592885376,0.12866492146596858
SZ000539,粤电力A,1859,0.5269268774703557,0.46269762845849804,0.8974802371541502,0.7828557312252964,0.8974802371541502,0.34955533596837945,0.7638339920948617,0.03977272727272727,0.6507853403141362
SZ000543,皖能电力,1862,0.6104249011857708,0.49851778656126483,0.9246541501976284,0.8016304347826086,0.9246541501976284,0.09313241106719368,0.5234683794466403,0.03384387351778656,0.6507853403141362
SZ000571,ST大洲,1884,0.07929841897233202,0.022233201581027668,0.8169466403162056,0.17527173913043478,0.8169466403162056,0.6183300395256917,0.8757411067193676,0.009634387351778656,0.5845549738219895
SZ000572,海马汽车,1885,0.04594861660079051,0.04619565217391304,0.043478260869565216,0.17527173913043478,0.043478260869565216,0.31200592885375494,0.6726778656126482,0.07583992094861661,0.5306282722513089
SZ000585,*ST东电,1891,0.24382411067193677,0.14402173913043478,0.20232213438735178,0.04224308300395257,0.20232213438735178,0.683300395256917,0.9980237154150198,0.0133399209486166,0.7290575916230366
SZ000593,大通燃气,1898,0.27754446640316205,0.3058300395256917,0.5007411067193676,0.7729743083003953,0.5007411067193676,0.3181818181818182,0.6494565217391305,0.06225296442687747,0.5959424083769633
SZ000597,东北制药,1901,0.15625,0.15167984189723321,0.70899209486166,0.9179841897233202,0.70899209486166,0.7448122529644269,0.8554841897233202,0.08337450592885376,0.2412303664921466
SZ000598,兴蓉环境,1902,0.5995553359683794,0.6835474308300395,0.13488142292490118,0.779397233201581,0.13488142292490118,0.7556818181818182,0.7509881422924901,0.07139328063241107,0.5904450261780104
SZ000599,青岛双星,1903,0.14093379446640317,0.13636363636363635,0.1408102766798419,0.17527173913043478,0.1408102766798419,0.1422924901185771,0.8446146245059288,0.09202075098814229,0.27905759162303667
SZ000600,建投能源,1904,0.6440217391304348,0.525197628458498,0.8868577075098815,0.7776679841897233,0.8868577075098815,0.35177865612648224,0.7401185770750988,0.06645256916996048,0.6507853403141362
SZ000608,阳光股份,1910,0.3317687747035573,0.30657114624505927,0.8631422924901185,0.9063735177865613,0.8631422924901185,0.9651679841897233,0.4641798418972332,0.012351778656126482,0.4587696335078534
SZ000611,*ST天首,1913,0.12722332015810275,0.09856719367588933,0.19293478260869565,0.17527173913043478,0.19293478260869565,0.6343873517786561,0.7119565217391305,0.0037055335968379445,0.7643979057591623
SZ000612,焦作万方,1914,0.6247529644268774,0.7433300395256917,0.7240612648221344,0.674901185770751,0.7240612648221344,0.24876482213438736,0.3643774703557312,0.06373517786561265,0.4981675392670157
SZ000613,*ST东海A,1915,0.14253952569169961,0.07781620553359683,0.3609189723320158,0.17527173913043478,0.3609189723320158,0.27964426877470355,0.34782608695652173,0.04520750988142293,0.9287958115183246
SZ000659,珠海中富,1941,0.12203557312252965,0.050889328063241104,0.5224802371541502,0.17527173913043478,0.5224802371541502,0.3401679841897233,0.9446640316205533,0.01432806324110672,0.17146596858638743
SZ000665,湖北广电,1944,0.05101284584980237,0.09337944664031621,0.11190711462450594,0.17527173913043478,0.11190711462450594,0.27099802371541504,0.5921442687747036,0.06768774703557312,0.8599476439790575
SZ000669,*ST金鸿,1947,0.17119565217391305,0.1956521739130435,0.08621541501976285,0.8372035573122529,0.08621541501976285,0.13982213438735178,0.8317687747035574,0.0649703557312253,0.5959424083769633
SZ000679,大连友谊,1954,0.24382411067193677,0.3342391304347826,0.8900691699604744,0.17527173913043478,0.8900691699604744,0.43478260869565216,0.6440217391304348,0.05014822134387352,0.962958115183246
SZ000683,远兴能源,1958,0.17119565217391305,0.16353754940711462,0.9597332015810277,0.9755434782608695,0.9597332015810277,0.4384881422924901,0.6168478260869565,0.03162055335968379,0.36858638743455496
SZ000685,中山公用,1959,0.8163290513833992,0.6368577075098815,0.7677865612648221,0.3221343873517787,0.7677865612648221,0.620306324110672,0.3438735177865613,0.07238142292490118,0.5904450261780104
SZ000687,*ST华讯,1961,0.022603754940711464,0.14402173913043478,0.7850790513833992,0.17527173913043478,0.7850790513833992,0.0007411067193675889,0.9987648221343873,0.008646245059288538,0.3526178010471204
SZ000691,亚太实业,1964,0.22554347826086957,0.9293478260869565,0.7156620553359684,0.026185770750988144,0.7156620553359684,0.40538537549407117,0.879199604743083,0.03409090909090909,0.23010471204188482
SZ000692,惠天热电,1965,0.012845849802371542,0.006422924901185771,0.8458498023715415,0.17527173913043478,0.8458498023715415,0.012598814229249012,0.983201581027668,0.0200098814229249,0.6549738219895288
SZ000697,炼石航空,1967,0.05014822134387352,0.03779644268774703,0.6541501976284585,0.17527173913043478,0.6541501976284585,0.1007905138339921,0.8920454545454546,0.015563241106719368,0.3526178010471204
SZ000700,模塑科技,1969,0.16304347826086957,0.1600790513833992,0.2391304347826087,0.958498023715415,0.2391304347826087,0.2759387351778656,0.866106719367589,0.0962203557312253,0.5532722513089006
SZ000703,恒逸石化,1972,0.8519021739130435,0.7628458498023716,0.011610671936758894,0.5916501976284585,0.011610671936758894,0.07262845849802371,0.8688241106719368,0.07262845849802371,0.2636125654450262
SZ000707,*ST双环,1974,0.03409090909090909,0.14402173913043478,0.4029150197628458,0.17527173913043478,0.4029150197628458,0.018280632411067192,0.9930830039525692,0.009387351778656126,0.36858638743455496
SZ000709,河钢股份,1976,0.30533596837944665,0.2781620553359684,0.9945652173913043,0.8999505928853755,0.9945652173913043,0.16057312252964426,0.928606719367589,0.026185770750988144,0.937303664921466
SZ000712,锦龙股份,1979,0.24382411067193677,0.22307312252964426,0.389945652173913,0.9878952569169961,0.389945652173913,0.023468379446640316,0.9412055335968379,0.00037055335968379444,0.8407068062827225
SZ000717,韶钢松山,1983,0.7643280632411067,0.9305830039525692,0.9471343873517787,0.6862648221343873,0.9471343873517787,0.15686758893280633,0.5928853754940712,0.060770750988142296,0.937303664921466
SZ000721,西安饮食,1987,0.16464920948616601,0.20009881422924902,0.40711462450592883,0.9221837944664032,0.40711462450592883,0.5459486166007905,0.6469861660079052,0.06818181818181818,0.9299738219895288
SZ000723,美锦能源,1989,0.3675889328063241,0.5227272727272727,0.9550395256916996,0.5610177865612648,0.9550395256916996,0.36709486166007904,0.7265316205533597,0.05558300395256917,0.5801047120418849
SZ000737,南风化工,2000,0.3621541501976285,0.9226778656126482,0.43058300395256915,0.09708498023715414,0.43058300395256915,0.36561264822134387,0.7737154150197628,0.08819169960474309,0.35968586387434553
SZ000755,山西路桥,2007,0.12697628458498023,0.11758893280632411,0.7890316205533597,0.17527173913043478,0.7890316205533597,0.7732213438735178,0.9703557312252964,0.004446640316205534,0.13913612565445027
SZ000759,中百集团,2011,0.24382411067193677,0.19392292490118576,0.6941699604743083,0.9597332015810277,0.6941699604743083,0.4231719367588933,0.8280632411067194,0.04940711462450593,0.9552356020942409
SZ000767,晋控电力,2015,0.24925889328063242,0.2702569169960474,0.8762351778656127,0.9725790513833992,0.8762351778656127,0.3416501976284585,0.9688735177865613,0.030385375494071148,0.6507853403141362
SZ000798,中水渔业,2034,0.07139328063241107,0.06225296442687747,0.2366600790513834,0.17527173913043478,0.2366600790513834,0.006422924901185771,0.5316205533596838,0.08967391304347826,0.15170157068062828
SZ000803,北清环能,2039,0.48888339920948615,0.8952569169960475,0.795701581027668,0.025444664031620552,0.795701581027668,0.7517292490118577,0.8411561264822134,0.012598814229249012,0.6285340314136125
SZ000807,云铝股份,2041,0.48888339920948615,0.529891304347826,0.20528656126482214,0.9150197628458498,0.20528656126482214,0.1998517786561265,0.8594367588932806,0.012104743083003952,0.4981675392670157
SZ000812,陕西金叶,2045,0.19305830039525693,0.2067687747035573,0.4743083003952569,0.9098320158102767,0.4743083003952569,0.5999258893280632,0.6289525691699605,0.06151185770750988,0.17146596858638743
SZ000820,*ST节能,2051,0.06348814229249011,0.14402173913043478,0.7697628458498024,0.17527173913043478,0.7697628458498024,0.0004940711462450593,1.0,0.0007411067193675889,0.618324607329843
SZ000825,太钢不锈,2055,0.5007411067193676,0.39945652173913043,0.9693675889328063,0.9231719367588933,0.9693675889328063,0.13759881422924902,0.662302371541502,0.08769762845849802,0.9418848167539267
SZ000826,启迪环境,2056,0.02865612648221344,0.09288537549407115,0.9056324110671937,0.17527173913043478,0.9056324110671937,0.3522727272727273,0.8268280632411067,0.06719367588932806,0.618324607329843
SZ000830,鲁西化工,2059,0.674407114624506,0.46072134387351776,0.03977272727272727,0.8809288537549407,0.03977272727272727,0.23863636363636365,0.7183794466403162,0.006175889328063241,0.2193717277486911
SZ000835,*ST长动,2062,0.05916501976284585,0.14402173913043478,0.6274703557312253,0.17527173913043478,0.6274703557312253,0.0017292490118577075,0.9982707509881423,0.0009881422924901185,0.08285340314136126
SZ000839,中信国安,2066,0.054841897233201584,0.040513833992094864,0.1225296442687747,0.17527173913043478,0.1225296442687747,0.051630434782608696,0.7677865612648221,0.06422924901185771,0.7670157068062827
SZ000875,吉电股份,2080,0.4224308300395257,0.44960474308300397,0.007658102766798419,0.9204545454545454,0.007658102766798419,0.3984683794466403,0.9525691699604744,0.038290513833992096,0.6400523560209425
SZ000883,湖北能源,2087,0.5668231225296443,0.570899209486166,0.8861166007905138,0.7250494071146245,0.8861166007905138,0.5165513833992095,0.508893280632411,0.030632411067193676,0.6447643979057591
SZ000885,城发环境,2088,0.8507905138339921,0.8502964426877471,0.15489130434782608,0.5790513833992095,0.15489130434782608,0.7314723320158103,0.7877964426877471,0.08288043478260869,0.13913612565445027
SZ000890,法尔胜,2093,0.2046689723320158,0.14402173913043478,0.5770750988142292,0.9990118577075099,0.5770750988142292,0.007411067193675889,0.9903656126482213,0.04323122529644269,0.9217277486910995
SZ000898,鞍钢股份,2098,0.412796442687747,0.31719367588932806,0.9814723320158103,0.9266304347826086,0.9814723320158103,0.10004940711462451,0.4644268774703557,0.0983201581027668,0.937303664921466
SZ000900,现代投资,2100,0.5427371541501976,0.38438735177865613,0.95899209486166,0.06620553359683795,0.95899209486166,0.13191699604743082,0.9253952569169961,0.04174901185770751,0.13913612565445027
SZ000908,景峰医药,2106,0.03026185770750988,0.010869565217391304,0.4602272727272727,0.17527173913043478,0.4602272727272727,0.9357707509881423,0.9350296442687747,0.041501976284584984,0.2412303664921466
SZ000911,南宁糖业,2109,0.3317687747035573,0.9903656126482213,0.7984189723320159,0.982707509881423,0.7984189723320159,0.21887351778656128,0.9864130434782609,0.04817193675889328,0.15942408376963352
SZ000933,神火股份,2128,0.39204545454545453,0.37376482213438733,0.9513339920948617,0.9088438735177866,0.9513339920948617,0.3740118577075099,0.9515810276679841,0.034337944664031624,0.4981675392670157
SZ000953,河化股份,2138,0.27013339920948615,0.9817193675889329,0.28063241106719367,0.7522233201581028,0.28063241106719367,0.7225790513833992,0.6697134387351779,0.08201581027667984,0.2193717277486911
SZ000959,首钢股份,2141,0.529891304347826,0.45528656126482214,0.987401185770751,0.9167490118577075,0.987401185770751,0.09066205533596838,0.916501976284585,0.017539525691699604,0.937303664921466
SZ000966,长源电力,2147,0.5113636363636364,0.5560770750988142,0.795207509881423,0.6146245059288538,0.795207509881423,0.1534090909090909,0.7159090909090909,0.024703557312252964,0.6507853403141362
SZ000978,桂林旅游,2158,0.04878952569169961,0.0716403162055336,0.1907114624505929,0.17527173913043478,0.1907114624505929,0.009387351778656126,0.6371047430830039,0.08399209486166008,0.48586387434554973
SZ000980,*ST众泰,2159,0.0012351778656126482,0.00024703557312252963,0.48764822134387353,0.17527173913043478,0.48764822134387353,0.014822134387351778,0.9967885375494071,0.018033596837944664,0.5348167539267016
SZ000981,*ST银亿,2160,0.09930830039525691,0.07188735177865613,0.017045454545454544,0.17527173913043478,0.017045454545454544,0.28952569169960474,0.9108201581027668,0.048666007905138337,0.5356020942408377
SZ000983,山西焦煤,2162,0.625,0.6294466403162056,0.9856719367588933,0.7611166007905138,0.9856719367588933,0.4869071146245059,0.8878458498023716,0.0266798418972332,0.5845549738219895
SZ000995,皇台酒业,2168,0.39204545454545453,0.974308300395257,0.3964920948616601,0.09560276679841898,0.3964920948616601,0.9498517786561265,0.8979743083003953,0.07201086956521739,0.9943717277486911
SZ000996,中国中期,2169,0.16403162055335968,0.19120553359683795,0.34634387351778656,0.044466403162055336,0.34634387351778656,0.19688735177865613,0.29866600790513836,0.015069169960474308,0.06570680628272252
SZ001872,招商港口,2174,0.8505434782608695,0.41304347826086957,0.9103260869565217,0.4612154150197628,0.9103260869565217,0.7215909090909091,0.43898221343873517,0.09782608695652174,0.5736910994764398
SZ001896,豫能控股,2175,0.45701581027667987,0.3769762845849802,0.17366600790513834,0.83399209486166,0.17366600790513834,0.18898221343873517,0.8890810276679841,0.06620553359683795,0.6507853403141362
SZ002002,鸿达兴业,2180,0.5093873517786561,0.6847826086956522,0.2408596837944664,0.38735177865612647,0.2408596837944664,0.6563735177865613,0.7586462450592886,0.0867094861660079,0.3658376963350785
SZ002005,ST德豪,2183,0.08967391304347826,0.05039525691699605,0.2240612648221344,0.17527173913043478,0.2240612648221344,0.09881422924901186,0.6768774703557312,0.09288537549407115,0.7455497382198953
SZ002015,协鑫能科,2193,0.6909584980237155,0.829792490118577,0.4869071146245059,0.7705039525691699,0.4869071146245059,0.4426877470355731,0.8952569169960475,0.09757905138339922,0.6549738219895288
SZ002039,黔源电力,2216,0.9150197628458498,0.8169466403162056,0.7939723320158103,0.8685770750988142,0.7939723320158103,0.8715415019762845,0.8562252964426877,0.002223320158102767,0.6447643979057591
SZ002060,粤水电,2237,0.4182312252964427,0.5177865612648221,0.18132411067193677,0.8804347826086957,0.18132411067193677,0.1358695652173913,0.9740612648221344,0.09387351778656126,0.42552356020942406
SZ002069,獐子岛,2246,0.17650691699604742,0.9992588932806324,0.6420454545454546,0.9135375494071146,0.6420454545454546,0.2739624505928854,0.9881422924901185,0.05755928853754941,0.1506544502617801
SZ002071,0,2247,0.07262845849802371,0.14402173913043478,0.44466403162055335,0.17527173913043478,0.44466403162055335,0.0291501976284585,0.9975296442687747,0.005187747035573123,0.0
SZ002072,*ST凯瑞,2248,0.027420948616600792,0.14402173913043478,0.6603260869565217,0.17527173913043478,0.6603260869565217,0.995800395256917,0.9965415019762845,0.010622529644268774,0.8536649214659686
SZ002076,ST雪莱,2252,0.23184288537549408,0.14402173913043478,0.5019762845849802,0.3374505928853755,0.5019762845849802,0.6457509881422925,0.9923418972332015,0.018527667984189724,0.11727748691099477
SZ002078,太阳纸业,2254,0.7582756916996047,0.7504940711462451,0.7215909090909091,0.8863636363636364,0.7215909090909091,0.32164031620553357,0.7161561264822134,0.06867588932806325,0.925
SZ002092,中泰化学,2268,0.23937747035573123,0.1702075098814229,0.946393280632411,0.9972826086956522,0.946393280632411,0.06175889328063241,0.8609189723320159,0.06052371541501976,0.3658376963350785
SZ002102,ST冠福,2278,0.21319169960474307,0.32139328063241107,0.8480731225296443,0.9360177865612648,0.8480731225296443,0.043478260869565216,0.816699604743083,0.043725296442687744,0.2547120418848168
SZ002121,科陆电子,2297,0.3231225296442688,0.7929841897233202,0.9036561264822134,0.8097826086956522,0.9036561264822134,0.6007905138339921,0.9612154150197628,0.07559288537549406,0.6934554973821989
SZ002163,海南发展,2337,0.39204545454545453,0.9177371541501976,0.8552371541501976,0.7420948616600791,0.8552371541501976,0.24011857707509882,0.9599802371541502,0.09955533596837944,0.3969895287958115
SZ002167,东方锆业,2341,0.10153162055335968,0.07633399209486166,0.25123517786561267,0.17527173913043478,0.25123517786561267,0.12771739130434784,0.7141798418972332,0.052865612648221344,0.5028795811518325
SZ002170,芭田股份,2344,0.26556324110671936,0.32781620553359686,0.6620553359683794,0.924407114624506,0.6620553359683794,0.31842885375494073,0.5289031620553359,0.08226284584980237,0.2099476439790576
SZ002172,澳洋健康,2346,0.06126482213438735,0.035326086956521736,0.8806818181818182,0.17527173913043478,0.8806818181818182,0.029397233201581028,0.9691205533596838,0.053853754940711464,0.2856020942408377
SZ002175,*ST东网,2349,0.022603754940711464,0.14402173913043478,0.8777173913043478,0.17527173913043478,0.8777173913043478,0.633893280632411,0.9985177865612648,0.003952569169960474,0.06753926701570681
SZ002176,江特电机,2350,0.15625,0.17712450592885376,0.5222332015810277,0.17527173913043478,0.5222332015810277,0.20232213438735178,0.862401185770751,0.07880434782608696,0.6820680628272251
SZ002188,*ST巴士,2362,0.08127470355731226,0.14402173913043478,0.4827075098814229,0.17527173913043478,0.4827075098814229,0.2475296442687747,0.9990118577075099,0.017292490118577076,0.6573298429319372
SZ002201,九鼎新材,2375,0.28273221343873517,0.308300395256917,0.717391304347826,0.9538043478260869,0.717391304347826,0.34115612648221344,0.795701581027668,0.08794466403162056,0.281413612565445
SZ002205,国统股份,2379,0.2658102766798419,0.2215909090909091,0.6173418972332015,0.970602766798419,0.6173418972332015,0.5175395256916996,0.9142786561264822,0.04594861660079051,0.618324607329843
SZ002219,*ST恒康,2393,0.1442687747035573,0.045454545454545456,0.06274703557312253,0.8184288537549407,0.06274703557312253,0.5338438735177866,0.9876482213438735,0.007411067193675889,0.3043193717277487
SZ002251,步步高,2423,0.3187994071146245,0.20133399209486166,0.21319169960474307,0.9794960474308301,0.21319169960474307,0.5785573122529645,0.8863636363636364,0.015316205533596838,0.9552356020942409
SZ002256,兆新股份,2428,0.18811758893280633,0.29693675889328064,0.6136363636363636,0.17527173913043478,0.6136363636363636,0.6529150197628458,0.4651679841897233,0.06682312252964427,0.6400523560209425
SZ002259,*ST升达,2430,0.32806324110671936,0.9960474308300395,0.8003952569169961,0.770998023715415,0.8003952569169961,0.23641304347826086,0.9839426877470355,0.009881422924901186,0.5959424083769633
SZ002267,陕天然气,2437,0.5180335968379447,0.4268774703557312,0.7574110671936759,0.8305335968379447,0.7574110671936759,0.10820158102766798,0.674901185770751,0.022480237154150196,0.5959424083769633
SZ002269,美邦服饰,2439,0.08905632411067194,0.022727272727272728,0.22949604743083005,0.17527173913043478,0.22949604743083005,0.6682312252964426,0.9439229249011858,0.08337450592885376,0.5119109947643979
SZ002274,华昌化工,2444,0.39723320158102765,0.4651679841897233,0.7784090909090909,0.8562252964426877,0.7784090909090909,0.11116600790513834,0.7939723320158103,0.04718379446640316,0.2099476439790576
SZ002277,友阿股份,2447,0.28273221343873517,0.22702569169960474,0.475296442687747,0.6447628458498024,0.475296442687747,0.8154644268774703,0.7097332015810277,0.09263833992094862,0.9507853403141361
SZ002299,圣农发展,2469,0.9360177865612648,0.9199604743083004,0.9624505928853755,0.7233201581027668,0.9624505928853755,0.3409090909090909,0.4244071146245059,0.0625,0.15353403141361258
SZ002316,亚联发展,2486,0.025444664031620552,0.009634387351778656,0.6462450592885376,0.17527173913043478,0.6462450592885376,0.21788537549407114,0.9725790513833992,0.0807806324110672,0.7887434554973822
SZ002319,乐通股份,2489,0.2046689723320158,0.39278656126482214,0.4394762845849802,0.8149703557312253,0.4394762845849802,0.43379446640316205,0.9409584980237155,0.031126482213438736,0.22212041884816755
SZ002321,*ST华英,2491,0.01408102766798419,0.027420948616600792,0.20182806324110672,0.17527173913043478,0.20182806324110672,0.008893280632411068,0.9085968379446641,0.044713438735177864,0.15353403141361258
SZ002341,新纶科技,2511,0.0291501976284585,0.04743083003952569,0.24382411067193677,0.17527173913043478,0.24382411067193677,0.3342391304347826,0.6983695652173914,0.058300395256917,0.18979057591623036
SZ002356,*ST赫美,2526,0.037549407114624504,0.14402173913043478,0.5387845849802372,0.17527173913043478,0.5387845849802372,0.6793478260869565,0.9997529644268774,0.00716403162055336,0.3912303664921466
SZ002357,富临运业,2527,0.44762845849802374,0.4557806324110672,0.3641304347826087,0.5323616600790514,0.3641304347826087,0.34313241106719367,0.6245059288537549,0.010128458498023716,0.13403141361256546
SZ002366,台海核电,2535,0.014822134387351778,0.011116600790513834,0.9135375494071146,0.17527173913043478,0.9135375494071146,0.008646245059288538,0.963191699604743,0.06595849802371541,0.011387434554973822
SZ002386,天原股份,2555,0.3380681818181818,0.24382411067193677,0.7361660079051383,0.9132905138339921,0.7361660079051383,0.05854743083003953,0.8384387351778656,0.06299407114624506,0.3658376963350785
SZ002387,维信诺,2556,0.3384387351778656,0.19589920948616601,0.06694664031620554,0.8737648221343873,0.06694664031620554,0.5071640316205533,0.6400691699604744,0.046689723320158104,0.12866492146596858
SZ002407,多氟多,2576,0.24382411067193677,0.21096837944664032,0.8372035573122529,0.020256916996047432,0.8372035573122529,0.18354743083003952,0.8260869565217391,0.08646245059288538,0.21780104712041884
SZ002427,ST尤夫,2595,0.015933794466403164,0.0037055335968379445,0.7833498023715415,0.17527173913043478,0.7833498023715415,0.1907114624505929,0.9908596837944664,0.05434782608695652,0.2636125654450262
SZ002437,誉衡药业,2605,0.3837697628458498,0.9535573122529645,0.6188241106719368,0.2549407114624506,0.6188241106719368,0.9681324110671937,0.7467885375494071,0.07040513833992094,0.2412303664921466
SZ002458,益生股份,2625,0.27013339920948615,0.2628458498023715,0.04273715415019763,0.3564723320158103,0.04273715415019763,0.18675889328063242,0.3433794466403162,0.09535573122529645,0.15353403141361258
SZ002464,*ST众应,2631,0.05990612648221344,0.14402173913043478,0.782608695652174,0.17527173913043478,0.782608695652174,0.9718379446640316,0.9950592885375494,0.003458498023715415,0.856151832460733
SZ002466,天齐锂业,2633,0.025197628458498024,0.04693675889328063,0.8483201581027668,0.17527173913043478,0.8483201581027668,0.7761857707509882,0.9607213438735178,0.001976284584980237,0.5070680628272252
SZ002479,富春环保,2645,0.5334733201581028,0.5264328063241107,0.04594861660079051,0.45306324110671936,0.04594861660079051,0.2524703557312253,0.7705039525691699,0.06571146245059288,0.618324607329843
SZ002490,山东墨龙,2656,0.2046689723320158,0.21689723320158102,0.5805335968379447,0.9545454545454546,0.5805335968379447,0.04199604743083004,0.8460968379446641,0.0684288537549407,0.026047120418848168
SZ002493,荣盛石化,2659,0.8679594861660079,0.9572628458498024,0.001976284584980237,0.5664525691699605,0.001976284584980237,0.3283102766798419,0.9014328063241107,0.03507905138339921,0.2636125654450262
SZ002496,ST辉丰,2662,0.1112895256916996,0.09189723320158102,0.8653656126482213,0.17527173913043478,0.8653656126482213,0.4720849802371542,0.6756422924901185,0.07435770750988142,0.20589005235602095
SZ002512,达华智能,2677,0.16526679841897232,0.20232213438735178,0.5649703557312253,0.004693675889328063,0.5649703557312253,0.1756422924901186,0.8851284584980237,0.08423913043478261,0.8286649214659686
SZ002513,蓝丰生化,2678,0.2046689723320158,0.191699604743083,0.24234189723320157,0.17527173913043478,0.24234189723320157,0.19120553359683795,0.6455039525691699,0.07658102766798419,0.20589005235602095
SZ002524,光正眼科,2689,0.2556818181818182,0.48641304347826086,0.7349308300395256,0.9021739130434783,0.7349308300395256,0.661808300395257,0.9414525691699605,0.024950592885375496,0.3043193717277487
SZ002532,天山铝业,2696,0.641798418972332,0.8945158102766798,0.9851778656126482,0.6647727272727273,0.9851778656126482,0.19021739130434784,0.8080533596837944,0.09486166007905138,0.5099476439790576
SZ002535,ST林重,2699,0.2177618577075099,0.3599308300395257,0.16551383399209485,0.8260869565217391,0.16551383399209485,0.3404150197628458,0.9629446640316206,0.07929841897233202,0.026047120418848168
SZ002539,云图控股,2703,0.6330286561264822,0.8231225296442688,0.9130434782608695,0.732707509881423,0.9130434782608695,0.28384387351778656,0.8505434782608695,0.07312252964426877,0.2099476439790576
SZ002547,春兴精工,2711,0.03903162055335968,0.026185770750988144,0.4644268774703557,0.17527173913043478,0.4644268774703557,0.06571146245059288,0.8994565217391305,0.09893774703557312,0.668979057591623
SZ002586,*ST围海,2750,0.10412549407114624,0.10177865612648221,0.8747529644268774,0.17527173913043478,0.8747529644268774,0.07238142292490118,0.7769268774703557,0.09115612648221344,0.42552356020942406
SZ002601,龙佰集团,2765,0.8646245059288538,0.8589426877470355,0.9760375494071146,0.5886857707509882,0.9760375494071146,0.6845355731225297,0.7136857707509882,0.09510869565217392,0.18979057591623036
SZ002618,*ST丹邦,2781,0.021739130434782608,0.0200098814229249,0.692193675889328,0.17527173913043478,0.692193675889328,0.002223320158102767,0.6126482213438735,0.0032114624505928855,0.31793193717277485
SZ002621,美吉姆,2784,0.06262351778656126,0.030138339920948616,0.1442687747035573,0.17527173913043478,0.1442687747035573,0.900197628458498,0.6326581027667985,0.04199604743083004,0.0887434554973822
SZ002629,ST仁智,2792,0.14155138339920947,0.0400197628458498,0.3557312252964427,0.17527173913043478,0.3557312252964427,0.24629446640316205,0.9809782608695652,0.05953557312252965,0.9325916230366492
SZ002640,*ST跨境,2803,0.008893280632411068,0.007658102766798419,0.8164525691699605,0.17527173913043478,0.8164525691699605,0.30335968379446643,0.9552865612648221,0.08992094861660078,0.9459424083769633
SZ002672,东江环保,2834,0.5334733201581028,0.4750494071146245,0.35276679841897235,0.8384387351778656,0.35276679841897235,0.6593379446640316,0.6235177865612648,0.07398715415019763,0.618324607329843
SZ002684,*ST猛狮,2845,0.004693675889328063,0.14402173913043478,0.8097826086956522,0.17527173913043478,0.8097826086956522,0.030138339920948616,0.995306324110672,0.020750988142292492,0.1425392670157068
SZ002694,顾地科技,2855,0.07472826086956522,0.04891304347826087,0.6721837944664032,0.17527173913043478,0.6721837944664032,0.2811264822134387,0.8814229249011858,0.02717391304347826,0.40209424083769635
SZ002707,众信旅游,2867,0.017539525691699604,0.012598814229249012,0.7581521739130435,0.17527173913043478,0.7581521739130435,0.00716403162055336,0.9496047430830039,0.09239130434782608,0.0
SZ002739,万达电影,2896,0.004940711462450593,0.02198616600790514,0.2675395256916996,0.17527173913043478,0.2675395256916996,0.009881422924901186,0.7364130434782609,0.0962203557312253,0.09947643979057591
SZ002748,世龙实业,2904,0.060770750988142296,0.08275691699604742,0.6408102766798419,0.17527173913043478,0.6408102766798419,0.13265810276679843,0.592391304347826,0.070899209486166,0.18979057591623036
SZ002752,昇兴股份,2908,0.1632905138339921,0.16798418972332016,0.5377964426877471,0.9866600790513834,0.5377964426877471,0.13339920948616601,0.7949604743083004,0.09337944664031621,0.17146596858638743
SZ002766,*ST索菱,2920,0.005187747035573123,0.14402173913043478,0.8829051383399209,0.17527173913043478,0.8829051383399209,0.23567193675889328,0.995800395256917,0.028409090909090908,0.7887434554973822
SZ002770,*ST科迪,2924,0.02717391304347826,0.005681818181818182,0.8905632411067194,0.17527173913043478,0.8905632411067194,0.04841897233201581,0.9750494071146245,0.038537549407114624,0.9730366492146597
SZ002783,凯龙股份,2937,0.3187994071146245,0.27519762845849804,0.816699604743083,0.42613636363636365,0.816699604743083,0.5180335968379447,0.7902667984189723,0.060029644268774704,0.21544502617801048
SZ002786,银宝山新,2939,0.04323122529644269,0.029644268774703556,0.5975790513833992,0.17527173913043478,0.5975790513833992,0.14278656126482214,0.9713438735177866,0.09412055335968379,0.011387434554973822
SZ002830,名雕股份,2979,0.3675889328063241,0.30113636363636365,0.38290513833992096,0.9503458498023716,0.38290513833992096,0.5121047430830039,0.7307312252964426,0.09893774703557312,0.4400523560209424
SZ002847,盐津铺子,2993,0.9563982213438735,0.9738142292490118,0.3157114624505929,0.638092885375494,0.3157114624505929,0.8028656126482213,0.7462944664031621,0.08720355731225296,0.9841623036649214
SZ002893,华通热力,3037,0.3317687747035573,0.3584486166007905,0.6677371541501976,0.9686264822134387,0.6677371541501976,0.18305335968379446,0.9095849802371542,0.059782608695652176,0.6549738219895288
SZ002911,佛燃能源,3053,0.7902667984189723,0.8087944664031621,0.8300395256916996,0.6084486166007905,0.8300395256916996,0.2317193675889328,0.7023221343873518,0.09041501976284586,0.5959424083769633
SZ002945,华林证券,3082,0.49703557312252966,0.8043478260869565,0.389945652173913,0.9851778656126482,0.389945652173913,0.023468379446640316,0.9318181818181818,0.00037055335968379444,0.8407068062827225
SZ002946,新乳业,3083,0.5148221343873518,0.7117094861660079,0.6561264822134387,0.8515316205533597,0.6561264822134387,0.4399703557312253,0.8614130434782609,0.040513833992094864,0.9730366492146597
SZ003816,中国广核,3157,0.387598814229249,0.6492094861660079,0.9901185770750988,0.7835968379446641,0.9901185770750988,0.7129446640316206,0.829792490118577,0.0958498023715415,0.6400523560209425
SZ300010,豆神教育,3167,0.005681818181818182,0.0066699604743083,0.754199604743083,0.17527173913043478,0.754199604743083,0.6321640316205533,0.9565217391304348,0.0775691699604743,0.11125654450261781
SZ300013,新宁物流,3170,0.022974308300395256,0.00716403162055336,0.7759387351778656,0.17527173913043478,0.7759387351778656,0.4550395256916996,0.9426877470355731,0.0891798418972332,0.6048429319371728
SZ300027,华谊兄弟,3184,0.08362154150197629,0.049654150197628456,0.12425889328063242,0.17527173913043478,0.12425889328063242,0.7294960474308301,0.8120059288537549,0.07707509881422925,0.09947643979057591
SZ300029,*ST天龙,3185,0.12005928853754941,0.008399209486166008,0.4105731225296443,0.17527173913043478,0.4105731225296443,0.06027667984189723,0.9854249011857708,0.07460474308300395,0.7041884816753927
SZ300043,星辉娱乐,3199,0.17119565217391305,0.17465415019762845,0.7618577075098815,0.9962944664031621,0.7618577075098815,0.7507411067193676,0.5696640316205533,0.024456521739130436,0.08285340314136126
SZ300051,ST三五,3207,0.1112895256916996,0.05632411067193676,0.41427865612648224,0.17527173913043478,0.41427865612648224,0.8717885375494071,0.8517786561264822,0.0783102766798419,0.07801047120418848
SZ300064,*ST金刚,3219,0.035326086956521736,0.008646245059288538,0.6413043478260869,0.17527173913043478,0.6413043478260869,0.06398221343873518,0.9824604743083004,0.054841897233201584,0.9153141361256545
SZ300071,*ST嘉信,3226,0.042860671936758896,0.14402173913043478,0.6482213438735178,0.17527173913043478,0.6482213438735178,0.5768280632411067,0.9962944664031621,0.03248517786561265,0.10641361256544503
SZ300089,文化长城,3244,0.070899209486166,0.009387351778656126,0.1808300395256917,0.17527173913043478,0.1808300395256917,0.7220849802371542,0.9859189723320159,0.0066699604743083,0.0887434554973822
SZ300108,吉药控股,3261,0.06348814229249011,0.0029644268774703555,0.654891304347826,0.17527173913043478,0.654891304347826,0.37475296442687744,0.991106719367589,0.023221343873517788,0.0549738219895288
SZ300125,聆达股份,3278,0.10770750988142293,0.10449604743083003,0.8774703557312253,0.17527173913043478,0.8774703557312253,0.6351284584980237,0.8157114624505929,0.07781620553359683,0.6767015706806283
SZ300168,万达信息,3320,0.03026185770750988,0.020750988142292492,0.8591897233201581,0.17527173913043478,0.8591897233201581,0.2398715415019763,0.9483695652173914,0.06941699604743083,0.7887434554973822
SZ300178,*ST腾邦,3330,0.016551383399209488,0.00691699604743083,0.8134881422924901,0.17527173913043478,0.8134881422924901,0.011857707509881422,0.987401185770751,0.08053359683794467,0.4831151832460733
SZ300197,节能铁汉,3348,0.14698616600790515,0.17811264822134387,0.8006422924901185,0.02717391304347826,0.8006422924901185,0.4083498023715415,0.9419466403162056,0.09708498023715414,0.6268324607329843
SZ300198,纳川股份,3349,0.21220355731225296,0.2966897233201581,0.11116600790513834,0.5242094861660079,0.11116600790513834,0.30978260869565216,0.7887845849802372,0.07534584980237154,0.40209424083769635
SZ300262,巴安水务,3412,0.051877470355731224,0.06274703557312253,0.8515316205533597,0.17527173913043478,0.8515316205533597,0.483695652173913,0.8463438735177866,0.02865612648221344,0.618324607329843
SZ300266,兴源环境,3416,0.08905632411067194,0.05854743083003953,0.954298418972332,0.17527173913043478,0.954298418972332,0.062005928853754944,0.9540513833992095,0.06892292490118578,0.618324607329843
SZ300269,ST联建,3419,0.06608201581027667,0.011363636363636364,0.5306324110671937,0.17527173913043478,0.5306324110671937,0.4977766798418972,0.9846837944664032,0.04891304347826087,0.10641361256544503
SZ300278,*ST华昌,3428,0.034708498023715416,0.14402173913043478,0.7462944664031621,0.17527173913043478,0.7462944664031621,0.17885375494071146,0.9933300395256917,0.08572134387351779,0.8931937172774869
SZ300301,长方集团,3451,0.1400691699604743,0.1259881422924901,0.5538537549407114,0.17527173913043478,0.5538537549407114,0.38512845849802374,0.7551877470355731,0.09992588932806325,0.11727748691099477
SZ300312,*ST邦讯,3461,0.04755434782608696,0.14402173913043478,0.5489130434782609,0.17527173913043478,0.5489130434782609,0.0684288537549407,0.9972826086956522,0.03903162055335968,0.8849476439790576
SZ300313,ST天山,3462,0.15625,0.26457509881422925,0.25716403162055335,0.17527173913043478,0.25716403162055335,0.23789525691699603,0.9654150197628458,0.0017292490118577075,0.15353403141361258
SZ300318,博晖创新,3467,0.1537796442687747,0.1625494071146245,0.32707509881422925,0.9950592885375494,0.32707509881422925,0.8495553359683794,0.7986660079051383,0.04100790513833992,0.293848167539267
SZ300325,*ST德威,3474,0.05237154150197629,0.004693675889328063,0.7210968379446641,0.17527173913043478,0.7210968379446641,0.2534584980237154,0.9792490118577075,0.062005928853754944,0.26897905759162305
SZ300336,新文化,3485,0.00975790513833992,0.005434782608695652,0.49308300395256915,0.17527173913043478,0.49308300395256915,0.004199604743083004,0.9476284584980237,0.05039525691699605,0.10641361256544503
SZ300338,开元教育,3487,0.008152173913043478,0.01432806324110672,0.5135869565217391,0.17527173913043478,0.5135869565217391,0.9073616600790514,0.842391304347826,0.027915019762845848,0.0887434554973822
SZ300367,ST网力,3514,0.07682806324110672,0.009140316205533596,0.7727272727272727,0.17527173913043478,0.7727272727272727,0.23616600790513834,0.9829545454545454,0.039278656126482216,0.8112565445026177
SZ300370,ST安控,3517,0.0775691699604743,0.018280632411067192,0.1702075098814229,0.17527173913043478,0.1702075098814229,0.15044466403162055,0.962697628458498,0.07015810276679842,0.07198952879581152
SZ300391,康跃科技,3537,0.2482707509881423,0.2932312252964427,0.7517292490118577,0.3619071146245059,0.7517292490118577,0.37796442687747034,0.8861166007905138,0.09140316205533597,0.6793193717277487
SZ300422,博世科,3568,0.6477272727272727,0.5857213438735178,0.08596837944664032,0.6091897233201581,0.08596837944664032,0.5138339920948617,0.9379940711462451,0.09807312252964427,0.618324607329843
SZ300459,汤姆猫,3604,0.412796442687747,0.9528162055335968,0.9510869565217391,0.6897233201581028,0.9510869565217391,0.9760375494071146,0.7655632411067194,0.023468379446640316,0.08285340314136126
SZ300476,胜宏科技,3621,0.7251729249011858,0.8159584980237155,0.05039525691699605,0.7497529644268774,0.05039525691699605,0.41847826086956524,0.8033596837944664,0.08843873517786562,0.31793193717277485
SZ300477,合纵科技,3622,0.037919960474308304,0.026432806324110672,0.6450098814229249,0.17527173913043478,0.6450098814229249,0.052618577075098816,0.8945158102766798,0.08152173913043478,0.7157068062827225
SZ300478,杭州高新,3623,0.020874505928853756,0.007411067193675889,0.5595355731225297,0.17527173913043478,0.5595355731225297,0.059782608695652176,0.967391304347826,0.07855731225296443,0.26897905759162305
SZ300483,首华燃气,3628,0.7927371541501976,0.35276679841897235,0.2724802371541502,0.7697628458498024,0.2724802371541502,0.7008399209486166,0.47455533596837945,0.024209486166007904,0.7458115183246073
SZ300526,中潜股份,3670,0.040513833992094864,0.03458498023715415,0.42218379446640314,0.17527173913043478,0.42218379446640314,0.042490118577075096,0.5311264822134387,0.004940711462450593,0.5149214659685863
SZ300530,*ST达志,3674,0.09226778656126482,0.08794466403162056,0.6590909090909091,0.17527173913043478,0.6590909090909091,0.6044960474308301,0.9019268774703557,0.04990118577075099,0.18979057591623036
SZ300650,太龙照明,3790,0.4525691699604743,0.37771739130434784,0.6781126482213439,0.9357707509881423,0.6781126482213439,0.18132411067193677,0.8762351778656127,0.09733201581027667,0.11727748691099477
SZ300721,怡达股份,3859,0.13982213438735178,0.13883399209486166,0.37203557312252966,0.17527173913043478,0.37203557312252966,0.10103754940711462,0.7855731225296443,0.03557312252964427,0.18979057591623036
SZ300738,奥飞数据,3874,0.7675395256916996,0.8467144268774703,0.15167984189723321,0.5827569169960475,0.15167984189723321,0.566699604743083,0.7299901185770751,0.05508893280632411,0.7887434554973822
SZ300742,越博动力,3878,0.28273221343873517,0.2507411067193676,0.5830039525691699,0.17527173913043478,0.5830039525691699,0.19046442687747037,0.9308300395256917,0.08498023715415019,0.5532722513089006
